Rk,Player,Ht.,GS,Cmp,Att,From,To,Age,G,GS,Cmp,Att,Inc,Cmp%,Yds,TD,Int,Pick6,TD%,Int%,Rate,Sk,Yds,Sk%,Y/A,AY/A,ANY/A,Y/C,Y/G,Succ%,W,L,T,4QC,GWD,Ht.,Wt.,BMI,Pos,Team,-9999
1,Mike Glennon,6-7,31,689,1147,2013,2021,24-32,40,31,689,1147,458,60.1,7025,47,35,3,4.1,3.1,78.6,83,612,6.75,6.1,5.57,4.70,10.2,175.6,40.2,6,25,0,3,4,6-7,225,25.3,QB,ARICHIJAXNYGOAKTAM,GlenMi00
2,Brock Osweiler,6-7,30,697,1165,2012,2018,22-28,49,30,697,1165,468,59.8,7418,37,31,0,3.2,2.7,78.0,79,559,6.35,6.4,5.81,4.99,10.6,151.4,42.7,15,15,0,5,5,6-7,240,27.0,QB,DENHOUMIA,OsweBr00
3,Derek Anderson,6-6,49,909,1674,2006,2018,23-35,78,49,909,1674,765,54.3,10878,60,64,9,3.6,3.8,70.4,81,563,4.62,6.5,5.49,4.92,12.0,139.5,42.3,20,29,0,5,7,6-6,235,27.2,QB,ARIBUFCARCLE,AndeDe00
4,Joe Flacco,6-6,185,4004,6503,2008,2023,23-38,188,185,4004,6503,2499,61.6,43936,245,155,13,3.8,2.4,84.2,386,2759,5.60,6.8,6.44,5.68,11.0,233.7,43.2,103,82,0,20,26,6-6,245,28.3,QB,BALCLEDENNYJ,FlacJo00
5,Nick Foles,6-6,58,1302,2087,2012,2022,23-33,71,58,1302,2087,785,62.4,14227,82,47,5,3.9,2.3,86.2,127,875,5.74,6.8,6.59,5.82,10.9,200.4,41.1,29,29,0,11,13,6-6,262,30.3,QB,CHIINDJAXKANPHISTL,FoleNi00
6,Josh Freeman,6-6,61,1179,2048,2009,2015,21-27,62,61,1179,2048,869,57.6,13873,81,68,6,4.0,3.3,77.6,112,690,5.19,6.8,6.07,5.44,11.8,223.8,42.3,25,36,0,9,10,6-6,240,27.7,QB,INDMINTAM,FreeJo00
7,Justin Herbert,6-6,62,1613,2422,2020,2023,22-25,62,62,1613,2422,809,66.6,17223,114,42,4,4.7,1.7,95.7,130,871,5.09,7.1,7.27,6.56,10.7,277.8,48.0,30,32,0,11,14,6-6,236,27.3,QB,LAC,HerbJu00
8,Trevor Lawrence,6-6,50,1116,1750,2021,2023,22-24,50,50,1116,1750,634,63.8,11770,58,39,1,3.3,2.2,85.0,94,646,5.10,6.7,6.39,5.71,10.5,235.4,46.4,20,30,0,5,6,6-6,220,25.4,QB,JAX,LawrTr00
9,Ryan Mallett,6-6,8,190,345,2012,2017,24-29,21,8,190,345,155,55.1,1835,9,10,0,2.6,2.9,66.8,7,37,1.99,5.3,4.54,4.34,9.7,87.4,41.5,3,5,0,,,6-6,240,27.7,QB,BALHOUNWE,MallRy00
10,Scott Mitchell,6-6,71,1301,2346,1991,2001,23-33,99,71,1301,2346,1045,55.5,15692,95,81,7,4.0,3.5,75.3,155,882,6.20,6.7,5.95,5.22,12.1,158.5,38.2,32,39,0,6,9,6-6,240,27.7,QB,BALCINDETMIA,MitcSc00
11,Jonathan Quinn,6-6,6,117,223,1998,2004,23-29,17,6,117,223,106,52.5,1161,4,7,2,1.8,3.1,60.4,30,201,11.86,5.2,4.15,2.87,9.9,68.3,32.4,1,5,0,,,6-6,243,28.1,QB,CHIJAXKAN,QuinJo00
12,JaMarcus Russell,6-6,25,354,680,2007,2009,22-24,31,25,354,680,326,52.1,4083,18,23,0,2.6,3.4,65.2,70,457,9.33,6.0,5.01,3.93,11.5,131.7,34.3,7,18,0,3,4,6-6,265,30.6,QB,OAK,RussJa00
13,Matt Schaub,6-6,93,2148,3348,2004,2020,23-39,155,93,2148,3348,1200,64.2,25467,136,91,14,4.1,2.7,89.5,180,1245,5.10,7.6,7.20,6.48,11.9,164.3,48.1,47,46,0,11,14,6-6,245,28.3,QB,ATLBALHOUOAK,SchaMa00
14,Andrew Walter,6-6,9,174,333,2006,2008,24-26,15,9,174,333,159,52.3,1919,3,16,0,0.9,4.8,52.6,51,295,13.28,5.8,3.78,2.51,11.0,127.9,35.9,2,7,0,,,6-6,230,26.6,QB,OAK,WaltAn00
15,Marc Wilson,6-6,60,1085,2081,1980,1990,23-33,126,60,1085,2081,996,52.1,14391,86,102,2,4.1,4.9,67.7,210,1510,9.17,6.9,5.54,4.37,13.3,114.2,,32,28,0,9,12,6-6,205,23.7,QB,NWEOAKRAI,WilsMa00
16,Josh Allen,6-5,93,1989,3145,2018,2023,22-27,94,93,1989,3145,1156,63.2,22703,167,78,2,5.3,2.5,92.2,175,1087,5.27,7.2,7.16,6.46,11.4,241.5,49.0,63,30,0,13,19,6-5,237,28.1,QB,BUF,AlleJo02
17,Drew Bledsoe,6-5,193,3839,6717,1993,2006,21-34,194,193,3839,6717,2878,57.2,44611,251,206,15,3.7,3.1,77.1,467,3135,6.50,6.6,6.01,5.18,11.6,230.0,40.4,98,95,0,24,31,6-5,238,28.2,QB,BUFDALNWE,BledDr00
18,Blake Bortles,6-5,73,1562,2634,2014,2019,22-27,78,73,1562,2634,1072,59.3,17649,103,75,13,3.9,2.8,80.6,195,1158,6.89,6.7,6.20,5.36,11.3,226.3,43.2,24,49,0,6,8,6-5,236,28.0,QB,JAXLAR,BortBl00
19,Dave Brown,6-5,60,892,1634,1992,2001,22-31,73,60,892,1634,742,54.6,10248,44,58,6,2.7,3.5,67.9,181,1005,9.97,6.3,5.21,4.14,11.5,140.4,38.3,26,34,0,2,4,6-5,230,27.3,QB,ARINYG,BrowDa00
20,Scott Brunner,6-5,30,512,1046,1980,1985,23-28,73,30,512,1046,534,48.9,6457,29,54,5,2.8,5.2,56.3,71,518,6.36,6.2,4.40,3.66,12.6,88.5,,12,18,0,4,7,6-5,206,24.4,QB,NYGSTL,BrunSc00
21,Scott Bull,6-5,7,76,193,1976,1978,23-25,36,7,76,193,117,39.4,992,3,17,1,1.6,8.8,24.8,33,251,14.60,5.1,1.49,0.16,13.1,27.6,,3,4,0,,,6-5,211,25.0,QB,SFO,BullSc00
22,Jason Campbell,6-5,79,1519,2518,2006,2014,24-32,90,79,1519,2518,999,60.3,16771,87,60,5,3.5,2.4,81.7,170,1096,6.32,6.7,6.28,5.47,11.0,186.3,43.3,32,47,0,7,10,6-5,235,27.9,QB,CHICINCLEOAKWAS,CampJa00
23,Kerry Collins,6-5,180,3487,6261,1995,2011,23-39,198,180,3487,6261,2774,55.7,40922,208,196,20,3.3,3.1,73.8,337,2230,5.11,6.5,5.79,5.16,11.7,206.7,42.7,81,99,0,21,30,6-5,247,29.3,QB,CARINDNORNYGOAKTEN,CollKe00
24,Boomer Esiason,6-5,173,2969,5205,1984,1997,23-36,187,173,2969,5205,2236,57.0,37920,247,184,11,4.7,3.5,81.1,318,2438,5.76,7.3,6.64,5.82,12.8,202.8,11.2,80,93,0,19,26,6-5,224,26.6,QB,ARICINNYJ,EsiaBo00
25,Jim Everett,6-5,153,2841,4923,1986,1997,23-34,158,153,2841,4923,2082,57.7,34837,203,175,13,4.1,3.6,78.6,257,1885,4.96,7.1,6.30,5.62,12.3,220.5,15.0,64,89,0,11,14,6-5,212,25.1,QB,NORRAMSDG,EverJi00
26,Roman Gabriel,6-5,157,2366,4498,1962,1977,22-37,183,157,2366,4498,2132,52.6,29444,201,149,10,4.5,3.3,74.3,360,2711,7.41,6.5,5.95,4.95,12.4,160.9,,86,64,7,16,15,6-5,220,26.1,QB,PHIRAM,GabrRo00
27,Kent Graham,6-5,38,694,1339,1992,2001,24-33,81,38,694,1339,645,51.8,7801,39,33,3,2.9,2.5,69.0,100,679,6.95,5.8,5.30,4.46,11.2,96.3,35.2,17,21,0,8,9,6-5,231,27.4,QB,ARINYGPITWAS,GrahKe00
28,Elvis Grbac,6-5,70,1446,2445,1994,2001,24-31,105,70,1446,2445,999,59.1,16774,99,81,12,4.0,3.3,79.6,129,907,5.01,6.9,6.18,5.52,11.6,159.8,43.4,40,30,0,8,13,6-5,232,27.5,QB,BALKANSFO,GrbaEl00
29,Chad Hutchinson,6-5,14,220,413,2002,2004,25-27,15,14,220,413,193,53.3,2466,11,11,2,2.7,2.7,69.1,57,425,12.13,6.0,5.31,3.76,11.2,164.4,33.6,3,11,0,1,1,6-5,237,28.1,QB,CHIDAL,HutcCh00
30,Brad Johnson,6-5,125,2668,4326,1994,2008,26-40,177,125,2668,4326,1658,61.7,29054,166,122,12,3.8,2.8,82.5,251,1616,5.48,6.7,6.21,5.52,10.9,164.1,43.8,72,53,0,14,27,6-5,235,27.9,QB,DALMINTAMWAS,JohnBr00
31,Daniel Jones,6-5,59,1221,1900,2019,2023,22-26,60,59,1221,1900,679,64.3,12512,62,40,2,3.3,2.1,85.2,179,1151,8.61,6.6,6.29,5.20,10.2,208.5,42.8,22,36,1,7,9,6-5,230,27.3,QB,NYG,JoneDa05
32,Bernie Kosar,6-5,108,1994,3365,1985,1996,22-33,126,108,1994,3365,1371,59.3,23301,124,87,7,3.7,2.6,81.8,273,1660,7.50,6.9,6.50,5.55,11.7,184.9,2.1,53,54,1,14,16,6-5,210,24.9,QB,CLEDALMIA,KosaBe00
33,Ryan Leaf,6-5,21,317,655,1998,2001,22-25,25,21,317,655,338,48.4,3666,14,36,6,2.1,5.5,50.0,65,377,9.03,5.6,3.55,2.71,11.6,146.6,32.9,4,17,0,2,3,6-5,245,29.0,QB,DALSDG,LeafRy00
34,Byron Leftwich,6-5,50,930,1605,2003,2012,23-32,60,50,930,1605,675,57.9,10532,58,42,3,3.6,2.6,78.9,92,452,5.42,6.6,6.11,5.51,11.3,175.5,41.8,24,26,0,7,10,6-5,250,29.6,QB,ATLJAXPITTAM,LeftBy00
35,Matt Leinart,6-5,18,366,641,2006,2012,23-29,33,18,366,641,275,57.1,4065,15,21,1,2.3,3.3,70.2,30,221,4.47,6.3,5.34,4.77,11.1,123.2,41.9,8,10,0,2,2,6-5,225,26.7,QB,ARIHOUOAK,LeinMa00
36,Eli Manning,6-5,234,4895,8119,2004,2019,23-38,236,234,4895,8119,3224,60.3,57023,366,244,22,4.5,3.0,84.1,411,2870,4.82,7.0,6.57,5.92,11.6,241.6,45.2,117,117,0,27,37,6-5,220,26.1,QB,NYG,MannEl00
37,Peyton Manning,6-5,265,6125,9380,1998,2015,22-39,266,265,6125,9380,3255,65.3,71940,539,251,27,5.7,2.7,96.5,303,1953,3.13,7.7,7.61,7.17,11.7,270.5,51.4,186,79,0,43,54,6-5,230,27.3,QB,DENIND,MannPe00
38,Zach Mettenberger,6-5,10,208,345,2014,2015,23-24,14,10,208,345,137,60.3,2347,12,14,2,3.5,4.1,75.4,31,236,8.24,6.8,5.67,4.58,11.3,167.6,39.4,0,10,0,,,6-5,224,26.6,QB,TEN,MettZa00
39,Hugh Millen,6-5,25,560,928,1987,1995,24-32,40,25,560,928,368,60.3,6440,22,35,1,2.4,3.8,73.5,126,830,11.95,6.9,5.72,4.25,11.5,161.0,7.7,7,18,0,3,5,6-5,216,25.6,QB,ATLDENNWERAM,MillHu00
40,Cam Newton,6-5,144,2682,4474,2011,2021,22-32,148,144,2682,4474,1792,59.9,32382,194,123,12,4.3,2.7,85.2,332,2477,6.91,7.2,6.87,5.88,12.1,218.8,44.6,75,68,1,16,20,6-5,245,29.0,QB,CARNWE,NewtCa00
41,Dan Orlovsky,6-5,12,298,512,2005,2015,22-32,26,12,298,512,214,58.2,3132,15,13,1,2.9,2.5,75.3,29,182,5.36,6.1,5.56,4.93,10.5,120.5,43.3,2,10,0,1,1,6-5,215,25.5,QB,DETHOUINDTAM,OrloDa00
42,Carson Palmer,6-5,181,3941,6307,2004,2017,25-38,182,181,3941,6307,2366,62.5,46247,294,187,22,4.7,3.0,87.9,340,2364,5.12,7.3,6.93,6.22,11.7,254.1,47.4,92,88,1,22,35,6-5,235,27.9,QB,ARICINOAK,PalmCa00
43,Philip Rivers,6-5,240,5277,8134,2004,2020,23-39,244,240,5277,8134,2857,64.9,63440,421,209,25,5.2,2.6,95.2,464,2832,5.40,7.8,7.68,6.93,12.0,260.0,49.0,134,106,0,29,35,6-5,228,27.0,QB,INDLACSDG,RivePh00
44,Ben Roethlisberger,6-5,247,5440,8443,2004,2021,22-39,249,247,5440,8443,3003,64.4,64088,418,211,18,5.0,2.5,93.5,554,3677,6.16,7.6,7.46,6.59,11.8,257.4,48.2,165,81,1,41,53,6-5,240,28.5,QB,PIT,RoetBe00
45,Mason Rudolph,6-5,13,291,458,2019,2023,24-28,21,13,291,458,167,63.5,3085,19,11,0,4.1,2.4,86.9,22,175,4.58,6.7,6.48,5.82,10.6,146.9,41.5,8,4,1,2,2,6-5,235,27.9,QB,PIT,RudoMa00
46,Sean Salisbury,6-5,12,318,577,1987,1996,24-33,40,12,318,577,259,55.1,3824,19,19,3,3.3,3.3,72.9,43,326,6.94,6.6,5.80,4.88,12.0,95.6,10.6,6,6,0,1,2,6-5,225,26.7,QB,INDMINSDG,SaliSe00
47,John Skelton,6-5,17,320,602,2010,2012,22-24,20,17,320,602,282,53.2,3707,15,25,3,2.5,4.2,63.0,47,325,7.24,6.2,4.79,3.94,11.6,185.4,38.4,8,9,0,6,7,6-5,244,28.9,QB,ARI,SkelJo00
48,Ron Smith,6-5,8,79,181,1965,1966,23-24,10,8,79,181,102,43.6,1249,8,12,0,4.4,6.6,54.3,42,326,18.83,6.9,4.80,2.43,15.8,124.9,,2,5,0,0,1,6-5,220,26.1,QB,PITRAM,SmitRo03
49,Don Strock,6-5,22,443,779,1974,1988,24-38,167,22,443,779,336,56.9,5349,45,42,2,5.8,5.4,74.9,37,320,4.53,6.9,5.60,4.95,12.1,32.0,,16,6,0,7,8,6-5,220,26.1,QB,CLEMIA,StroDo00
50,Steve Tensi,6-5,34,369,862,1965,1970,23-28,56,34,369,862,493,42.8,5558,43,46,5,5.0,5.3,59.0,82,672,8.69,6.4,5.04,3.89,15.1,99.3,,10,23,1,1,1,6-5,215,25.5,QB,DENSDG,TensSt00
51,Vinny Testaverde,6-5,214,3787,6701,1987,2007,24-44,233,214,3787,6701,2914,56.5,46233,275,267,23,4.1,4.0,75.0,417,2992,5.86,6.9,5.93,5.16,12.2,198.4,27.8,90,123,1,29,33,6-5,235,27.9,QB,BALCARCLEDALNWENYJTAM,TestVi00
52,Bill Troup,6-5,11,166,328,1974,1980,23-29,43,11,166,328,162,50.6,2047,10,26,3,3.0,7.9,47.4,35,364,9.64,6.2,3.28,1.96,12.3,47.6,,3,8,0,1,0,6-5,220,26.1,QB,BALGNB,TrouBi00
53,Carson Wentz,6-5,93,2073,3308,2016,2023,24-31,95,93,2073,3308,1235,62.7,22292,153,67,3,4.6,2.0,89.4,239,1533,6.74,6.7,6.75,5.87,10.8,234.7,45.2,47,45,1,12,13,6-5,237,28.1,QB,INDLARPHIWAS,WentCa00
54,Craig Whelihan,6-5,14,267,557,1997,1998,26-27,19,14,267,557,290,47.9,3160,14,29,2,2.5,5.2,52.4,36,279,6.07,5.7,3.83,3.13,11.8,166.3,33.7,2,12,0,2,2,6-5,220,26.1,QB,SDG,WhelCr00
55,Mike White,6-5,7,196,313,2021,2023,26-28,14,7,196,313,117,62.6,2219,9,13,1,2.9,4.2,76.1,13,94,3.99,7.1,5.80,5.28,11.3,158.5,46.0,2,5,0,1,1,6-5,216,25.6,QB,MIANYJ,WhitMi01
56,Al Woodall,6-5,19,246,503,1969,1974,24-29,31,19,246,503,257,48.9,2970,18,23,3,3.6,4.6,60.3,60,455,10.66,5.9,4.56,3.27,12.1,95.8,,5,14,0,1,1,6-5,205,24.3,QB,NYJ,WoodAl00
57,Dick Wood,6-5,33,522,1194,1962,1966,26-30,60,33,522,1194,672,43.7,7153,51,71,0,4.3,5.9,52.9,70,573,5.54,6.0,4.17,3.48,13.7,119.2,,13,18,2,2,1,6-5,205,24.3,QB,DENMIANYJOAKSDG,WoodDi00
58,Vince Young,6-5,50,755,1304,2006,2011,23-28,60,50,755,1304,549,57.9,8964,46,51,3,3.5,3.9,74.4,83,449,5.98,6.9,5.82,5.15,11.9,149.4,41.8,31,19,0,7,13,6-5,232,27.5,QB,PHITEN,YounVi00
59,Scott Zolak,6-5,7,124,248,1992,1999,25-32,55,7,124,248,124,50.0,1314,8,7,0,3.2,2.8,64.8,25,214,9.16,5.3,4.67,3.46,10.6,23.9,18.3,3,4,0,2,2,6-5,230,27.3,QB,MIANWE,ZolaSc00
60,Troy Aikman,6-4,165,2898,4715,1989,2000,23-34,165,165,2898,4715,1817,61.5,32942,165,141,11,3.5,3.0,81.6,259,1748,5.21,7.0,6.34,5.66,11.4,199.6,26.5,94,71,0,15,20,6-4,219,26.7,QB,DAL,AikmTr00
61,Tony Banks,6-4,78,1278,2356,1996,2005,23-32,96,78,1278,2356,1078,54.2,15315,77,73,7,3.3,3.1,72.4,227,1432,8.79,6.5,5.76,4.70,12.0,159.5,38.9,35,43,0,5,7,6-4,230,28.0,QB,BALHOUSTLWAS,BankTo00
62,Steve Bartkowski,6-4,127,1932,3456,1975,1986,23-34,129,127,1932,3456,1524,55.9,24124,156,144,7,4.5,4.2,75.4,356,2956,9.34,7.0,6.01,4.67,12.5,187.0,,59,68,0,18,21,6-4,216,26.3,QB,ATLRAM,BartSt00
63,Steve Bono,6-4,42,934,1701,1985,1999,23-37,88,42,934,1701,767,54.9,10439,62,42,4,3.6,2.5,75.3,76,565,4.28,6.1,5.75,5.19,11.2,118.6,28.5,28,14,0,6,5,6-4,215,26.2,QB,CARGNBKANMINPITSFOSTL,BonoSt00
64,Sam Bradford,6-4,83,1855,2967,2010,2018,23-31,83,83,1855,2967,1112,62.5,19449,103,61,8,3.5,2.1,84.5,196,1371,6.20,6.6,6.32,5.50,10.5,234.3,43.8,34,48,1,7,8,6-4,224,27.3,QB,ARIMINPHISTL,BradSa00
65,Tom Brady,6-4,333,7753,12050,2000,2022,23-45,335,333,7753,12050,4297,64.3,89214,649,212,18,5.4,1.8,97.2,565,3576,4.48,7.4,7.69,7.06,11.5,266.3,49.6,251,82,0,46,58,6-4,225,27.4,QB,NWETAM,BradTo00
66,Jacoby Brissett,6-4,48,981,1600,2016,2023,24-31,79,48,981,1600,619,61.3,10574,51,23,3,3.2,1.4,85.3,130,817,7.51,6.6,6.60,5.63,10.8,133.8,42.8,18,30,0,4,5,6-4,235,28.6,QB,CLEINDMIANWEWAS,BrisJa00
67,Aaron Brooks,6-4,90,1673,2963,2000,2006,24-30,93,90,1673,2963,1290,56.5,20261,123,92,5,4.2,3.1,78.5,235,1454,7.35,6.8,6.27,5.36,12.1,217.9,41.1,38,52,0,12,18,6-4,205,25.0,QB,NOROAK,BrooAa00
68,Joe Burrow,6-4,52,1288,1895,2020,2023,24-27,52,52,1288,1895,607,68.0,14083,97,37,4,5.1,2.0,98.6,148,1040,7.24,7.4,7.58,6.52,10.9,270.8,48.0,29,22,1,5,7,6-4,215,26.2,QB,CIN,BurrJo01
69,Matt Cassel,6-4,81,1578,2683,2005,2018,23-36,107,81,1578,2683,1105,58.8,17508,104,82,10,3.9,3.1,78.5,210,1157,7.26,6.5,5.93,5.10,11.1,163.6,41.5,36,45,0,9,12,6-4,225,27.4,QB,BUFDALDETKANMINNWETEN,CassMa00
70,Chris Chandler,6-4,152,2328,4005,1988,2004,23-39,180,152,2328,4005,1677,58.1,28484,170,146,13,4.2,3.6,79.1,380,2590,8.67,7.1,6.32,5.18,12.2,158.2,31.8,67,85,0,10,15,6-4,224,27.3,QB,ATLCHIHOUINDPHORAMSTLTAM,ChanCh00
71,Max Choboian,6-4,7,82,163,1966,1966,24,14,7,82,163,81,50.3,1110,4,12,1,2.5,7.4,49.9,15,145,8.43,6.8,3.99,2.84,13.5,79.3,,3,4,0,0,1,6-4,215,26.2,QB,DEN,ChobMa00
72,Todd Collins,6-4,21,391,701,1995,2010,24-39,49,21,391,701,310,55.8,4547,22,24,2,3.1,3.4,71.8,67,447,8.72,6.5,5.57,4.51,11.6,92.8,36.8,11,10,0,3,5,6-4,223,27.1,QB,BUFCHIKANWAS,CollTo00
73,Greg Cook,6-4,11,107,200,1969,1973,23-27,12,11,107,200,93,53.5,1865,15,11,0,7.5,5.5,87.6,29,195,12.66,9.3,8.35,6.44,17.4,155.4,,4,6,1,1,0,6-4,220,26.8,QB,CIN,CookGr00
74,Tim Couch,6-4,59,1025,1714,1999,2003,22-26,62,59,1025,1714,689,59.8,11131,64,67,8,3.7,3.9,75.1,166,1119,8.83,6.5,5.48,4.40,10.9,179.5,38.2,22,37,0,10,11,6-4,220,26.8,QB,CLE,CoucTi00
75,Daunte Culpepper,6-4,100,2016,3199,1999,2009,22-32,105,100,2016,3199,1183,63.0,24153,149,106,7,4.7,3.3,87.8,298,1696,8.52,7.6,6.99,5.91,12.0,230.0,46.7,41,59,0,11,17,6-4,260,31.6,QB,DETMIAMINOAK,CulpDa00
76,Randall Cunningham,6-4,135,2429,4289,1985,2001,22-38,161,135,2429,4289,1860,56.6,29979,207,134,5,4.8,3.1,81.5,484,3537,10.14,7.0,6.55,5.14,12.3,186.2,14.6,82,52,1,19,24,6-4,212,25.8,QB,BALDALMINPHI,CunnRa00
77,Trent Dilfer,6-4,113,1759,3172,1994,2007,22-35,130,113,1759,3172,1413,55.5,20518,113,129,13,3.6,4.1,70.2,263,1730,7.66,6.5,5.35,4.44,11.7,157.8,40.6,58,55,0,14,15,6-4,225,27.4,QB,BALCLESEASFOTAM,DilfTr00
78,Marty Domres,6-4,32,399,809,1969,1977,22-30,90,32,399,809,410,49.3,4904,27,50,4,3.3,6.2,53.8,79,588,8.90,6.1,3.95,2.93,12.3,54.5,,12,20,0,3,2,6-4,220,26.8,QB,BALNYJSDGSFO,DomrMa00
79,Ken Dorsey,6-4,13,214,408,2004,2008,23-27,16,13,214,408,194,52.5,2082,8,18,4,2.0,4.4,55.2,25,172,5.77,5.1,3.51,2.91,9.7,130.1,35.3,2,11,0,0,1,6-4,220,26.8,QB,CLESFO,DorsKe00
80,Bobby Douglass,6-4,53,507,1178,1969,1978,22-31,91,53,507,1178,671,43.0,6493,36,64,4,3.1,5.4,48.5,180,1335,13.25,5.5,3.68,2.21,12.8,71.4,,16,36,1,3,4,6-4,225,27.4,QB,CHIGNBNORSDG,DougBo00
81,Jeff Driskel,6-4,12,229,391,2018,2023,25-30,24,12,229,391,162,58.6,2394,16,10,0,4.1,2.6,79.4,43,305,9.91,6.1,5.79,4.51,10.5,99.8,37.3,1,10,0,,,6-4,235,28.6,QB,CINCLEDENDETHOU,DrisJe00
82,Tony Eason,6-4,51,911,1564,1983,1990,24-31,90,51,911,1564,653,58.2,11142,61,51,3,3.9,3.3,79.7,177,1350,10.17,7.1,6.44,5.01,12.2,123.8,,28,23,0,7,8,6-4,212,25.8,QB,NWENYJ,EasoTo00
83,Trent Edwards,6-4,33,563,929,2007,2012,24-29,38,33,563,929,366,60.6,6033,26,30,6,2.8,3.2,75.5,69,482,6.91,6.5,5.60,4.73,10.7,158.8,41.9,14,19,0,4,5,6-4,231,28.1,QB,BUFJAXPHI,EdwaTr01
84,John Friesz,6-4,38,745,1364,1990,2000,23-33,69,38,745,1364,619,54.6,8699,45,42,3,3.3,3.1,72.3,74,487,5.15,6.4,5.65,5.02,11.7,126.1,18.8,13,25,0,7,7,6-4,214,26.0,QB,NWESDGSEAWAS,FrieJo00
85,Charlie Frye,6-4,23,419,677,2005,2009,24-28,26,23,419,677,258,61.9,4154,17,29,1,2.5,4.3,69.7,79,487,10.45,6.1,4.71,3.57,9.9,159.8,41.0,7,16,0,1,1,6-4,220,26.8,QB,CLEOAKSEA,FryeCh00
86,Steve Fuller,6-4,42,605,1066,1979,1986,22-29,90,42,605,1066,461,56.8,7156,28,41,0,2.6,3.8,70.1,152,1048,12.48,6.7,5.51,3.96,11.8,79.5,,19,23,0,6,8,6-4,198,24.1,QB,CHIKAN,FullSt00
87,Blaine Gabbert,6-4,49,882,1568,2011,2023,22-34,69,49,882,1568,686,56.3,9487,51,50,7,3.3,3.2,71.7,141,942,8.25,6.1,5.27,4.28,10.8,137.5,36.3,14,35,0,8,8,6-4,233,28.4,QB,ARIJAXKANSFOTAMTEN,GabbBl00
88,Jeff George,6-4,124,2298,3967,1990,2001,23-34,131,124,2298,3967,1669,57.9,27602,154,113,12,3.9,2.8,80.4,358,2691,8.28,7.0,6.45,5.30,12.0,210.7,26.8,46,78,0,8,17,6-4,218,26.5,QB,ATLINDMINOAKWAS,GeorJe00
89,Jared Goff,6-4,117,2657,4107,2016,2023,22-29,117,117,2657,4107,1450,64.7,30429,185,82,9,4.5,2.0,93.6,217,1581,5.02,7.4,7.41,6.67,11.5,260.1,48.3,66,50,1,13,16,6-4,217,26.4,QB,DETLAR,GoffJa00
90,Jerry Golsteyn,6-4,9,92,217,1977,1983,23-29,21,9,92,217,125,42.4,1077,2,13,2,0.9,6.0,36.2,31,245,12.50,5.0,2.45,1.16,11.7,51.3,,2,7,0,2,2,6-4,207,25.2,QB,BALDETNYGTAM,GolsJe00
91,Steve Grogan,6-4,135,1879,3593,1975,1990,22-37,149,135,1879,3593,1714,52.3,26886,182,208,11,5.1,5.8,69.6,247,1986,6.43,7.5,5.89,4.99,14.3,180.4,,75,60,0,13,20,6-4,210,25.6,QB,NWE,GrogSt00
92,James Harris,6-4,41,607,1149,1969,1979,22-32,83,41,607,1149,542,52.8,8136,45,59,1,3.9,5.1,67.3,101,874,8.08,7.1,5.55,4.41,13.4,98.0,,25,16,0,6,9,6-4,210,25.6,QB,BUFRAMSDG,HarrJa01
93,Joey Harrington,6-4,76,1424,2538,2002,2007,24-29,81,76,1424,2538,1114,56.1,14693,79,85,14,3.1,3.3,69.4,124,770,4.66,5.8,4.90,4.39,10.3,181.4,39.3,26,50,0,6,7,6-4,220,26.8,QB,ATLDETMIA,HarrJo00
94,Dwayne Haskins,6-4,13,267,444,2019,2020,22-23,16,13,267,444,177,60.1,2804,12,14,1,2.7,3.2,74.4,49,345,9.94,6.3,5.44,4.20,10.5,175.3,38.3,3,10,0,2,2,6-4,230,28.0,QB,WAS,HaskDw00
95,Matt Hasselbeck,6-4,160,3222,5330,1999,2015,24-40,209,160,3222,5330,2108,60.5,36638,212,153,13,4.0,2.9,82.4,360,2260,6.33,6.9,6.38,5.58,11.4,175.3,45.3,85,75,0,15,24,6-4,235,28.6,QB,GNBINDSEATEN,HassMa00
96,Bobby Hebert,6-4,100,1839,3121,1985,1996,25-36,118,100,1839,3121,1282,58.9,21683,135,124,10,4.3,4.0,78.0,178,1255,5.40,6.9,6.02,5.32,11.8,183.8,9.2,56,44,0,11,16,6-4,215,26.2,QB,ATLNOR,HebeBo00
97,Mark Herrmann,6-4,12,334,561,1982,1992,23-33,40,12,334,561,227,59.5,4015,16,36,1,2.9,6.4,64.3,49,439,8.03,7.2,4.84,3.73,12.0,100.4,,3,9,0,1,1,6-4,200,24.3,QB,BALDENINDRAMSDG,HerrMa00
98,Rusty Hilger,6-4,14,204,464,1985,1991,23-29,23,14,204,464,260,44.0,2584,11,19,1,2.4,4.1,52.8,49,385,9.55,5.6,4.20,3.05,12.7,112.3,,5,9,0,,,6-4,205,25.0,QB,DETINDRAI,HilgRu00
99,Gary Hogeboom,6-4,37,743,1325,1980,1989,22-31,79,37,743,1325,582,56.1,9436,49,60,9,3.7,4.5,71.9,118,890,8.18,7.1,5.82,4.73,12.7,119.4,,18,19,0,4,6,6-4,205,25.0,QB,DALINDPHO,HogeGa00
100,Rob Johnson,6-4,29,494,806,1995,2003,22-30,48,29,494,806,312,61.3,5795,30,23,2,3.7,2.9,83.6,140,817,14.80,7.2,6.65,4.80,11.7,120.7,40.6,12,17,0,4,4,6-4,204,24.8,QB,BUFJAXOAKTAMWAS,JohnRo00
101,Paul Justin,6-4,10,220,380,1995,1999,27-31,34,10,220,380,160,57.9,2614,8,10,0,2.1,2.6,75.0,28,229,6.86,6.9,6.12,5.13,11.9,76.9,42.2,3,7,0,2,2,6-4,211,25.7,QB,CININDSTL,JustPa00
102,Colin Kaepernick,6-4,58,1011,1692,2011,2016,24-29,69,58,1011,1692,681,59.8,12271,72,30,3,4.3,1.8,88.9,171,1060,9.18,7.3,7.31,6.07,12.1,177.8,42.4,28,30,0,7,7,6-4,225,27.4,QB,SFO,KaepCo00
103,Bill Kenney,6-4,77,1330,2430,1980,1988,25-33,106,77,1330,2430,1100,54.7,17277,105,86,7,4.3,3.5,77.0,195,1487,7.43,7.1,6.38,5.34,13.0,163.0,,34,43,0,3,6,6-4,211,25.7,QB,KAN,KennBi00
104,DeShone Kizer,6-4,15,275,518,2017,2018,21-22,18,15,275,518,243,53.1,3081,11,24,1,2.1,4.6,58.9,42,264,7.50,5.9,4.29,3.49,11.2,171.2,33.9,0,15,0,,,6-4,235,28.6,QB,CLEGNB,KizeDe00
105,Greg Landry,6-4,98,1276,2300,1968,1984,22-38,146,98,1276,2300,1024,55.5,16052,98,103,4,4.3,4.5,72.9,316,2503,12.08,7.0,5.82,4.16,12.6,109.9,,44,51,3,8,8,6-4,210,25.6,QB,BALCHIDET,LandGr00
106,Will Levis,6-4,9,149,255,2023,2023,24,9,9,149,255,106,58.4,1808,8,4,1,3.1,1.6,84.2,28,185,9.89,7.1,7.01,5.66,12.1,200.9,37.1,3,6,0,1,1,6-4,229,27.9,QB,TEN,LeviWi00
107,Mike Livingston,6-4,75,912,1751,1968,1979,23-34,91,75,912,1751,839,52.1,11295,56,83,4,3.2,4.7,63.3,152,1392,7.99,6.5,4.96,3.83,12.4,124.1,,31,43,1,6,7,6-4,212,25.8,QB,KAN,LiviMi00
108,Drew Lock,6-4,23,469,786,2019,2023,23-27,28,23,469,786,317,59.7,5283,28,23,1,3.6,2.9,79.5,39,227,4.73,6.7,6.12,5.55,11.3,188.7,41.0,9,14,0,3,4,6-4,228,27.8,QB,DENSEA,LockDr00
109,Chuck Long,6-4,21,331,607,1986,1991,23-28,27,21,331,607,276,54.5,3747,19,28,1,3.1,4.6,64.5,43,330,6.62,6.2,4.72,3.90,11.3,138.8,,4,17,0,0,1,6-4,217,26.4,QB,DETRAM,LongCh00
110,Jordan Love,6-4,18,422,662,2021,2023,23-25,27,18,422,662,240,63.7,4765,35,14,0,5.3,2.1,94.0,33,265,4.75,7.2,7.30,6.58,11.3,176.5,47.1,9,9,0,2,3,6-4,219,26.7,QB,GNB,LoveJo03
111,Andrew Luck,6-4,86,2000,3290,2012,2018,23-29,86,86,2000,3290,1290,60.8,23671,171,83,10,5.2,2.5,89.5,174,1124,5.02,7.2,7.10,6.42,11.8,275.2,47.0,53,33,0,16,20,6-4,240,29.2,QB,IND,LuckAn00
112,Tommy Maddox,6-4,36,686,1200,1992,2005,21-34,92,36,686,1200,514,57.2,8087,48,54,7,4.0,4.5,72.4,94,541,7.26,6.7,5.51,4.70,11.8,87.9,38.4,15,20,1,2,3,6-4,220,26.8,QB,DENNYGPITRAM,MaddTo00
113,Mark Malone,6-4,54,839,1648,1980,1989,22-31,73,54,839,1648,809,50.9,10175,60,81,3,3.6,4.9,61.9,86,671,4.96,6.2,4.69,4.07,12.1,139.4,,23,30,0,4,7,6-4,223,27.1,QB,NYJPITSDG,MaloMa00
114,EJ Manuel,6-4,18,343,590,2013,2017,23-27,30,18,343,590,247,58.1,3767,20,16,2,3.4,2.7,77.1,47,297,7.38,6.4,5.84,4.95,11.0,125.6,41.6,6,12,0,1,3,6-4,237,28.8,QB,BUFOAK,ManuEJ00
115,Dan Marino,6-4,240,4967,8358,1983,1999,22-38,242,240,4967,8358,3391,59.4,61361,420,252,28,5.0,3.0,86.4,270,1930,3.13,7.3,6.99,6.55,12.4,253.6,16.1,147,93,0,33,47,6-4,224,27.3,QB,MIA,MariDa00
116,Marcus Mariota,6-4,74,1327,2118,2015,2023,22-30,90,74,1327,2118,791,62.7,15820,93,55,6,4.4,2.6,89.2,186,1198,8.07,7.5,7.18,6.08,11.9,175.8,44.5,34,40,0,11,14,6-4,222,27.0,QB,ATLLVRPHITEN,MariMa01
117,Todd Marinovich,6-4,8,104,205,1991,1992,22-23,8,8,104,205,101,50.7,1345,8,9,1,3.9,4.4,66.4,20,154,8.89,6.6,5.37,4.20,12.9,168.1,,3,5,0,0,1,6-4,215,26.2,QB,RAI,MariTo00
118,Josh McCown,6-4,76,1584,2633,2002,2019,23-40,102,76,1584,2633,1049,60.2,17731,98,82,5,3.7,3.1,79.7,235,1563,8.19,6.7,6.08,5.03,11.2,173.8,42.6,23,53,0,6,7,6-4,218,26.5,QB,ARICARCHICLEDETNYJOAKPHITAM,McCoJo01
119,Luke McCown,6-4,10,216,356,2004,2015,23-34,62,10,216,356,140,60.7,2370,9,15,1,2.5,4.2,71.3,34,271,8.72,6.7,5.27,4.11,11.0,38.2,39.0,2,8,0,1,1,6-4,217,26.4,QB,ATLCLEJAXNORTAM,McCoLu00
120,Davis Mills,6-4,26,573,912,2021,2023,23-25,34,26,573,912,339,62.8,5955,35,25,3,3.8,2.7,83.0,64,463,6.56,6.5,6.06,5.19,10.4,175.1,41.6,5,19,1,2,3,6-4,225,27.4,QB,HOU,MillDa02
121,Mike Moroski,6-4,9,241,425,1979,1986,22-29,69,9,241,425,184,56.7,2864,8,18,2,1.9,4.2,66.0,40,312,8.60,6.7,5.21,4.09,11.9,41.5,,3,6,0,1,0,6-4,200,24.3,QB,ATLHOUSFO,MoroMi00
122,Craig Morton,6-4,144,2053,3786,1965,1982,22-39,207,144,2053,3786,1733,54.2,27908,183,187,12,4.8,4.9,73.5,405,3040,9.66,7.4,6.12,4.80,13.6,134.8,,81,62,1,12,21,6-4,214,26.0,QB,DALDENNYG,MortCr00
123,Gifford Nielsen,6-4,14,273,498,1978,1983,24-29,55,14,273,498,225,54.8,3255,20,22,1,4.0,4.4,70.0,47,354,8.62,6.5,5.35,4.24,11.9,59.2,,3,11,0,2,2,6-4,205,25.0,QB,HOU,NielGi00
124,Terry Nofsinger,6-4,6,118,260,1961,1967,23-29,24,6,118,260,142,45.4,1357,4,12,2,1.5,4.6,47.5,26,238,9.09,5.2,3.45,2.30,11.5,56.5,,1,5,0,1,0,6-4,215,26.2,QB,ATLPITSTL,NofsTe00
125,Ken O'Brien,6-4,110,2110,3602,1984,1993,24-33,129,110,2110,3602,1492,58.6,25094,128,98,6,3.6,2.7,80.4,353,2654,8.93,7.0,6.45,5.21,11.9,194.5,,50,59,1,13,16,6-4,210,25.6,QB,NYJPHI,OBriKe00
126,Kyle Orton,6-4,82,1613,2712,2005,2014,23-32,87,82,1613,2712,1099,59.5,18037,101,69,7,3.7,2.5,81.2,165,1016,5.74,6.7,6.25,5.54,11.2,207.3,43.0,42,40,0,8,9,6-4,228,27.8,QB,BUFCHIDALDENKAN,OrtoKy00
127,Curtis Painter,6-4,8,148,287,2009,2013,24-28,14,8,148,287,139,51.6,1681,6,13,1,2.1,4.5,57.6,20,126,6.51,5.9,4.24,3.55,11.4,120.1,35.2,0,8,0,,,6-4,230,28.0,QB,INDNYG,PainCu00
128,Steve Pelluer,6-4,30,548,974,1984,1990,22-28,65,30,548,974,426,56.3,6870,29,39,1,3.0,4.0,71.6,81,570,7.68,7.1,5.85,4.86,12.5,105.7,,9,20,1,2,4,6-4,209,25.4,QB,DALKAN,PellSt00
129,Joe Pisarcik,6-4,30,425,898,1977,1984,25-32,61,30,425,898,473,47.3,5552,24,48,4,2.7,5.3,53.9,112,845,11.09,6.2,4.31,3.00,13.1,91.0,,9,21,0,0,1,6-4,220,26.8,QB,NYGPHI,PisaJo00
130,Terrelle Pryor,6-4,10,170,302,2011,2013,22-24,15,10,170,302,132,56.3,1953,9,12,1,3.0,4.0,69.3,31,203,9.31,6.5,5.27,4.17,11.5,130.2,39.3,3,7,0,,,6-4,228,27.8,QB,OAK,PryoTe00
131,Brady Quinn,6-4,20,296,550,2007,2012,23-28,24,20,296,550,254,53.8,3043,12,17,3,2.2,3.1,64.4,41,236,6.94,5.5,4.58,3.86,10.3,126.8,35.0,4,16,0,1,2,6-4,232,28.2,QB,CLEKAN,QuinBr00
132,Frank Reich,6-4,20,508,932,1985,1998,24-37,118,20,508,932,424,54.5,6075,40,36,4,4.3,3.9,72.9,68,503,6.80,6.5,5.64,4.75,12.0,51.5,27.8,5,15,0,2,2,6-4,210,25.6,QB,BUFCARDETNYJ,ReicFr00
133,John Roach,6-4,23,182,413,1956,1964,23-31,64,23,182,413,231,44.1,2765,24,37,0,5.8,9.0,48.7,28,312,7.37,6.7,3.83,2.83,15.2,43.2,,7,12,1,2,2,6-4,197,24.0,QB,CRDDALGNBSTL,RoacJo00
134,Josh Rosen,6-4,16,277,513,2018,2021,21-24,24,16,277,513,236,54.0,2864,12,21,5,2.3,4.1,61.1,61,413,10.63,5.6,4.21,3.04,10.3,119.3,35.7,3,13,0,1,2,6-4,226,27.5,QB,ARIATLMIA,RoseJo01
135,Sage Rosenfels,6-4,12,351,562,2002,2010,24-32,44,12,351,562,211,62.5,4156,30,29,1,5.3,5.2,81.2,19,127,3.27,7.4,6.14,5.72,11.8,94.5,51.3,6,6,0,2,2,6-4,222,27.0,QB,HOUMIANYG,RoseSa00
136,Matt Ryan,6-4,234,5551,8464,2008,2022,23-37,234,234,5551,8464,2913,65.6,62792,381,183,20,4.5,2.2,93.6,488,3264,5.45,7.4,7.35,6.58,11.3,268.3,48.3,124,109,1,38,46,6-4,217,26.4,QB,ATLIND,RyanMa00
137,Mark Rypien,6-4,78,1466,2613,1988,2001,26-39,104,78,1466,2613,1147,56.1,18473,115,88,7,4.4,3.4,78.9,97,664,3.58,7.1,6.43,5.96,12.6,177.6,6.5,47,31,0,8,12,6-4,231,28.1,QB,CLEINDPHISTLWAS,RypiMa00
138,Tom Savage,6-4,9,181,315,2014,2017,24-27,13,9,181,315,134,57.5,2000,5,7,0,1.6,2.2,72.5,27,200,7.89,6.3,5.67,4.63,11.0,153.8,40.6,2,7,0,3,3,6-4,230,28.0,QB,HOU,SavaTo00
139,Jay Schroeder,6-4,99,1426,2808,1985,1994,24-33,118,99,1426,2808,1382,50.8,20063,114,108,4,4.1,3.8,71.7,208,1600,6.90,7.1,6.23,5.27,14.1,170.0,3.5,61,38,0,16,17,6-4,215,26.2,QB,ARICINRAIWAS,SchrJa00
140,Chris Simms,6-4,16,297,511,2004,2009,24-29,23,16,297,511,214,58.1,3117,12,18,2,2.3,3.5,69.1,49,361,8.75,6.1,4.98,3.90,10.5,135.5,41.6,7,9,0,3,3,6-4,230,28.0,QB,DENTAMTEN,SimmCh00
141,Alex Smith,6-4,167,3250,5193,2005,2020,21-36,174,167,3250,5193,1943,62.6,35650,199,109,8,3.8,2.1,86.9,432,2463,7.68,6.9,6.69,5.74,11.0,204.9,42.5,99,67,1,19,23,6-4,213,25.9,QB,KANSFOWAS,SmitAl03
142,Norm Snead,6-4,159,2276,4353,1961,1976,22-37,178,159,2276,4353,2077,52.3,30797,196,257,22,4.5,5.9,65.5,350,2735,7.44,7.1,5.32,4.34,13.5,173.0,,52,100,7,14,19,6-4,215,26.2,QB,MINNYGPHISFOWAS,SneaNo00
143,Cliff Stoudt,6-4,20,359,684,1980,1989,25-34,66,20,359,684,325,52.5,4506,23,43,3,3.4,6.3,58.3,76,494,10.00,6.6,4.43,3.34,12.6,68.3,,9,11,0,4,4,6-4,215,26.2,QB,MIAPHOPITSTL,StouCl00
144,Ryan Tannehill,6-4,151,3063,4764,2012,2023,24-35,155,151,3063,4764,1701,64.3,34881,216,115,10,4.5,2.4,91.2,415,3065,8.01,7.3,7.14,5.98,11.4,225.0,45.4,81,70,0,26,27,6-4,217,26.4,QB,MIATEN,TannRy00
145,Tom Tupa,6-4,13,252,489,1988,1995,22-29,61,13,252,489,237,51.5,3256,10,24,2,2.0,4.9,59.1,44,342,8.26,6.7,4.86,3.82,12.9,53.4,0.2,4,9,0,1,1,6-4,225,27.4,QB,CLEINDPHO,TupaTo20
146,Chris Weinke,6-4,20,386,709,2001,2007,29-35,29,20,386,709,323,54.4,3904,15,26,5,2.1,3.7,62.2,47,298,6.22,5.5,4.28,3.62,10.1,134.6,38.0,2,18,0,1,1,6-4,232,28.2,QB,CARSFO,WeinCh00
147,Charlie Whitehurst,6-4,9,219,396,2006,2016,24-34,25,9,219,396,177,55.3,2463,11,8,0,2.8,2.0,74.9,38,204,8.76,6.2,5.87,4.88,11.2,98.5,36.6,2,7,0,1,1,6-4,226,27.5,QB,CLEINDSDGSEATEN,WhitCh02
148,Doug Williams,6-4,81,1240,2507,1978,1989,23-34,88,81,1240,2507,1267,49.5,16998,100,93,3,4.0,3.7,69.4,84,734,3.24,6.8,5.91,5.43,13.7,193.2,,38,42,1,17,20,6-4,220,26.8,QB,TAMWAS,WillDo01
149,Jameis Winston,6-4,80,1763,2882,2015,2023,21-29,93,80,1763,2882,1119,61.2,22104,141,99,12,4.9,3.4,87.0,195,1242,6.34,7.7,7.10,6.25,12.5,237.7,47.2,34,46,0,8,13,6-4,231,28.1,QB,NORTAM,WinsJa00
150,Sam Wyche,6-4,9,116,222,1968,1976,23-31,47,9,116,222,106,52.3,1748,12,9,0,5.4,4.1,79.6,49,321,18.08,7.9,7.13,4.66,15.1,37.2,,2,7,0,1,1,6-4,218,26.5,QB,CINDETSTLWAS,WychSa00
151,T.J. Yates,6-4,10,179,324,2011,2017,24-30,22,10,179,324,145,55.2,2057,10,11,2,3.1,3.4,70.7,36,189,10.00,6.3,5.44,4.37,11.5,93.5,38.1,4,6,0,2,3,6-4,215,26.2,QB,ATLHOUMIA,YateT.00
152,Kyle Allen,6-3,19,441,704,2018,2023,22-27,30,19,441,704,263,62.6,4734,26,21,1,3.7,3.0,82.2,60,487,7.85,6.7,6.12,5.00,10.7,157.8,45.2,7,12,0,0,1,6-3,210,26.2,QB,BUFCARHOUWAS,AlleKy00
153,Steve Beuerlein,6-3,102,1894,3328,1988,2003,23-38,147,102,1894,3328,1434,56.9,24046,147,112,6,4.4,3.4,80.3,332,2124,9.07,7.2,6.59,5.42,12.7,163.6,30.2,47,55,0,13,16,6-3,220,27.5,QB,ARICARDALDENJAXPHORAI,BeueSt00
154,Todd Blackledge,6-3,29,424,881,1983,1989,22-28,46,29,424,881,457,48.1,5286,29,38,4,3.3,4.3,60.2,73,583,7.65,6.0,4.72,3.75,12.5,114.9,,15,14,0,2,2,6-3,225,28.1,QB,KANPIT,BlacTo00
155,Kyle Boller,6-3,47,861,1519,2003,2011,22-30,67,47,861,1519,658,56.7,8931,48,54,6,3.2,3.6,69.5,123,802,7.49,5.9,4.91,4.06,10.4,133.3,38.3,20,27,0,4,6,6-3,220,27.5,QB,BALOAKSTL,BollKy00
156,Mike Boryla,6-3,19,272,519,1974,1978,23-27,23,19,272,519,247,52.4,2838,20,29,1,3.9,5.6,58.1,49,400,8.63,5.5,3.72,2.70,10.4,123.4,,8,11,0,1,1,6-3,200,25.0,QB,PHITAM,BoryMi00
157,Terry Bradshaw,6-3,158,2025,3901,1970,1983,22-35,168,158,2025,3901,1876,51.9,27989,212,210,8,5.4,5.4,70.9,307,2694,7.30,7.2,5.84,4.77,13.8,166.6,,107,51,0,15,23,6-3,215,26.9,QB,PIT,BradTe00
158,Bubby Brister,6-3,75,1207,2212,1986,2000,24-38,99,75,1207,2212,1005,54.6,14445,81,78,7,3.7,3.5,72.3,193,1625,8.02,6.5,5.68,4.54,12.0,145.9,7.4,37,38,0,9,11,6-3,205,25.6,QB,DENMINNYJPHIPIT,BrisBu00
159,Marc Bulger,6-3,95,1969,3171,2002,2009,25-32,96,95,1969,3171,1202,62.1,22814,122,93,10,3.8,2.9,84.4,254,1863,7.42,7.2,6.64,5.61,11.6,237.6,45.3,41,54,0,12,16,6-3,208,26.0,QB,STL,BulgMa00
160,Cody Carlson,6-3,19,370,659,1988,1994,25-31,45,19,370,659,289,56.1,4469,21,28,0,3.2,4.2,70.0,54,374,7.57,6.8,5.51,4.57,12.1,99.3,7.0,11,8,0,4,5,6-3,202,25.2,QB,HOU,CarlCo00
161,David Carr,6-3,79,1353,2267,2002,2012,23-33,94,79,1353,2267,914,59.7,14452,65,71,7,2.9,3.1,74.9,267,1564,10.54,6.4,5.54,4.34,10.7,153.7,41.2,23,56,0,7,11,6-3,212,26.5,QB,CARHOUNYGSFO,CarrDa00
162,Derek Carr,6-3,159,3576,5506,2014,2023,23-32,159,159,3576,5506,1930,64.9,39100,242,107,16,4.4,1.9,92.3,295,1842,5.09,7.1,7.11,6.43,10.9,245.9,46.3,72,87,0,28,34,6-3,215,26.9,QB,LVRNOROAK,CarrDe02
163,Stoney Case,6-3,6,163,318,1995,2000,23-28,20,6,163,318,155,51.3,1826,4,15,4,1.3,4.7,53.3,39,280,10.92,5.7,3.87,2.66,11.2,91.3,34.2,3,3,0,1,1,6-3,204,25.5,QB,ARIBALDET,CaseSt00
164,Jimmy Clausen,6-3,14,255,472,2010,2015,23-28,21,14,255,472,217,54.0,2520,7,14,3,1.5,3.0,61.9,43,281,8.35,5.3,4.30,3.40,9.9,120.0,32.0,1,13,0,,,6-3,217,27.1,QB,BALCARCHI,ClauJi00
165,Jack Concannon,6-3,45,560,1110,1964,1975,21-32,90,45,560,1110,550,50.5,6270,36,63,2,3.2,5.7,54.8,91,752,7.58,5.6,3.74,2.83,11.2,69.7,,20,24,1,1,1,6-3,205,25.6,QB,CHIDETGNBPHI,ConcJa00
166,Kirk Cousins,6-3,145,3465,5177,2012,2023,24-35,150,145,3465,5177,1712,66.9,39471,270,110,14,5.2,2.1,98.2,304,2207,5.55,7.6,7.71,6.88,11.4,263.1,48.3,76,67,2,22,28,6-3,205,25.6,QB,MINWAS,CousKi00
167,Jay Cutler,6-3,153,3048,4920,2006,2017,23-34,153,153,3048,4920,1872,62.0,35133,227,160,19,4.6,3.3,85.3,322,2035,6.14,7.1,6.60,5.81,11.5,229.6,45.0,74,79,0,23,28,6-3,231,28.9,QB,CHIDENMIA,CutlJa00
168,Sam Darnold,6-3,56,1082,1811,2018,2023,21-26,66,56,1082,1811,729,59.7,12064,63,56,5,3.5,3.1,78.3,149,972,7.60,6.7,5.97,5.02,11.1,182.8,42.0,21,35,0,3,5,6-3,225,28.1,QB,CARNYJSFO,DarnSa00
169,Dan Darragh,6-3,11,127,296,1968,1970,22-24,17,11,127,296,169,42.9,1353,4,22,3,1.4,7.4,30.4,38,365,11.38,4.6,1.50,0.23,10.7,79.6,,1,10,0,1,0,6-3,196,24.5,QB,BUF,DarrDa00
170,Steve DeBerg,6-3,140,2874,5024,1978,1998,24-44,206,140,2874,5024,2150,57.2,34241,196,204,20,3.9,4.1,74.2,296,2469,5.56,6.8,5.77,4.98,11.9,166.2,0.4,53,86,1,19,24,6-3,210,26.2,QB,ATLDENKANMIASFOTAM,DebeSt00
171,Lynn Dickey,6-3,111,1747,3125,1971,1985,22-36,152,111,1747,3125,1378,55.9,23322,141,179,15,4.5,5.7,70.9,297,2423,8.68,7.5,5.79,4.58,13.3,153.4,,45,63,3,12,18,6-3,214,26.7,QB,GNBHOU,DickLy00
172,Anthony Dilweg,6-3,7,102,193,1989,1990,24-25,10,7,102,193,91,52.8,1274,8,7,0,4.1,3.6,72.3,22,150,10.23,6.6,5.80,4.51,12.5,127.4,,2,5,0,1,1,6-3,215,26.9,QB,GNB,DilwAn00
173,Joshua Dobbs,6-3,14,312,502,2018,2023,23-28,21,14,312,502,190,62.2,2920,15,13,1,3.0,2.6,77.3,36,243,6.69,5.8,5.25,4.45,9.4,139.0,40.7,3,11,0,1,1,6-3,216,27.0,QB,ARIMINPITTEN,DobbJo00
174,John Elway,6-3,231,4123,7250,1983,1998,23-38,234,231,4123,7250,3127,56.9,51475,300,226,18,4.1,3.1,79.9,516,3785,6.64,7.1,6.52,5.60,12.5,220.0,14.4,148,82,1,31,40,6-3,215,26.9,QB,DEN,ElwaJo00
175,A.J. Feeley,6-3,18,425,762,2001,2011,24-34,28,18,425,762,337,55.8,4618,28,31,6,3.7,4.1,69.1,44,276,5.46,6.1,4.96,4.35,10.9,164.9,39.8,8,10,0,3,5,6-3,220,27.5,QB,MIAPHISTL,FeelA.00
176,Vince Ferragamo,6-3,53,902,1615,1977,1986,23-32,75,53,902,1615,713,55.9,11336,76,91,5,4.7,5.6,70.1,94,770,5.50,7.0,5.42,4.68,12.6,151.1,,27,26,0,5,5,6-3,212,26.5,QB,BUFGNBRAM,FerrVi00
177,Justin Fields,6-3,38,578,958,2021,2023,22-24,40,38,578,958,380,60.3,6674,40,30,4,4.2,3.1,82.3,135,908,12.35,7.0,6.39,4.77,11.5,166.9,37.8,10,28,0,2,3,6-3,228,28.5,QB,CHI,FielJu00
178,Dan Fouts,6-3,171,3297,5604,1973,1987,22-36,181,171,3297,5604,2307,58.8,43040,254,242,12,4.5,4.3,80.2,319,2304,5.39,7.7,6.64,5.90,13.1,237.8,,86,84,1,21,23,6-3,204,25.5,QB,SDG,FoutDa00
179,Gus Frerotte,6-3,93,1699,3106,1994,2008,23-37,147,93,1699,3106,1407,54.7,21291,114,106,10,3.7,3.4,74.2,207,1328,6.25,6.9,6.05,5.27,12.5,144.8,41.0,45,47,1,8,10,6-3,237,29.6,QB,CINDENDETMIAMINSTLWAS,FrerGu00
180,Bob Gagliano,6-3,13,249,486,1982,1992,24-34,32,13,249,486,237,51.2,3431,17,27,4,3.5,5.6,62.7,50,330,9.33,7.1,5.26,4.15,13.8,107.2,,7,6,0,1,2,6-3,200,25.0,QB,DETKANSDGSFO,GaglBo00
181,Rich Gannon,6-3,132,2533,4206,1987,2004,22-39,157,132,2533,4206,1673,60.2,28743,180,104,6,4.3,2.5,84.7,302,1689,6.70,6.8,6.58,5.76,11.3,183.1,33.9,76,56,0,16,20,6-3,210,26.2,QB,KANMINOAKWAS,GannRi00
182,Stan Gelbaugh,6-3,12,192,391,1989,1996,27-34,20,12,192,391,199,49.1,2100,10,22,2,2.6,5.6,50.5,46,377,10.53,5.4,3.35,2.14,10.9,105.0,1.4,1,11,0,1,1,6-3,207,25.9,QB,BUFPHOSEA,GelbSt00
183,Johnny Green,6-3,19,275,618,1960,1963,23-26,30,19,275,618,343,44.5,3921,26,34,3,4.2,5.5,56.7,73,514,10.66,6.3,4.71,3.55,14.3,130.7,,8,11,0,4,5,6-3,198,24.7,QB,BUFNYJNYT,GreeJo00
184,Trent Green,6-3,113,2266,3740,1997,2008,27-38,120,113,2266,3740,1474,60.6,28475,162,114,6,4.3,3.0,86.0,259,1621,6.48,7.6,7.11,6.24,12.6,237.3,45.8,56,57,0,15,19,6-3,217,27.1,QB,KANMIASTLWAS,GreeTr00
185,Brian Griese,6-3,83,1752,2796,1998,2008,23-33,93,83,1752,2796,1044,62.7,19440,119,99,12,4.3,3.5,82.7,193,1326,6.46,7.0,6.21,5.37,11.1,209.0,46.4,45,38,0,9,12,6-3,214,26.7,QB,CHIDENMIATAM,GrieBr00
186,Jim Harbaugh,6-3,140,2305,3918,1987,2000,24-37,177,140,2305,3918,1613,58.8,26288,129,117,6,3.3,3.0,77.6,361,2132,8.44,6.7,6.02,5.02,11.4,148.5,23.2,66,74,0,15,19,6-3,215,26.9,QB,BALCHIINDSDG,HarbJi00
187,Chad Henne,6-3,54,1200,2015,2008,2022,23-37,78,54,1200,2015,815,59.6,13290,60,63,7,3.0,3.1,76.1,151,942,6.97,6.6,5.78,4.95,11.1,170.4,42.8,18,36,0,4,5,6-3,215,26.9,QB,JAXKANMIA,HennCh01
188,King Hill,6-3,29,429,881,1958,1969,22-33,123,29,429,881,452,48.7,5553,37,71,7,4.2,8.1,49.3,36,449,4.95,6.3,3.52,3.15,12.9,45.1,,8,20,1,3,3,6-3,212,26.5,QB,CRDMINPHISTL,HillKi00
189,Shaun Hill,6-3,35,757,1225,2005,2016,25-36,49,35,757,1225,468,61.8,8295,49,30,3,4.0,2.4,84.9,84,533,6.42,6.8,6.47,5.65,11.0,169.3,45.5,17,18,0,4,5,6-3,230,28.7,QB,DETMINSFOSTL,HillSh00
190,Billy Joe Hobert,6-3,17,275,527,1995,1999,24-28,29,17,275,527,252,52.2,3371,23,25,1,4.4,4.7,67.0,31,195,5.56,6.4,5.13,4.50,12.3,116.2,38.9,4,13,0,0,2,6-3,230,28.7,QB,BUFNOROAK,HobeBi00
191,Tom Hodson,6-3,12,174,320,1990,1995,23-28,36,12,174,320,146,54.4,1823,7,11,0,2.2,3.4,64.1,41,300,11.36,5.7,4.59,3.24,10.5,50.6,,1,11,0,,,6-3,195,24.4,QB,NORNWE,HodsTo00
192,Donald Hollas,6-3,8,202,375,1991,1998,24-31,32,8,202,375,173,53.9,2399,13,21,3,3.5,5.6,61.8,52,329,12.18,6.4,4.57,3.24,11.9,75.0,27.2,4,4,0,2,1,6-3,215,26.9,QB,CINOAK,HollDo00
193,Jeff Hostetler,6-3,83,1357,2338,1985,1997,24-36,152,83,1357,2338,981,58.0,16430,94,71,7,4.0,3.0,80.5,207,1158,8.13,7.0,6.46,5.48,12.1,108.1,23.7,51,32,0,8,10,6-3,215,26.9,QB,NYGOAKRAIWAS,HostJe00
194,Bobby Hoying,6-3,13,244,456,1996,2000,24-28,22,13,244,456,212,53.5,2544,11,15,3,2.4,3.3,64.3,64,378,12.31,5.6,4.58,3.29,10.4,115.6,34.2,3,9,1,3,2,6-3,221,27.6,QB,OAKPHI,HoyiBo00
195,Damon Huard,6-3,27,574,946,1998,2008,25-35,64,27,574,946,372,60.7,6303,33,26,4,3.5,2.7,80.6,94,612,9.04,6.7,6.12,4.98,11.0,98.5,40.2,15,12,0,6,8,6-3,215,26.9,QB,KANMIANWE,HuarDa00
196,Brett Hundley,6-3,9,199,337,2016,2019,23-26,18,9,199,337,138,59.1,1902,9,13,0,2.7,3.9,67.6,31,208,8.42,5.6,4.44,3.50,9.6,105.7,38.9,3,6,0,2,2,6-3,226,28.2,QB,ARIGNB,HundBr00
197,Josh Johnson,6-3,9,206,355,2009,2022,23-36,39,9,206,355,149,58.0,2280,13,16,2,3.7,4.5,70.6,29,189,7.55,6.4,5.13,4.25,11.1,58.5,42.7,1,8,0,1,1,6-3,214,26.7,QB,BALCINCLENYJSFOTAMWAS,JohnJo05
198,Randy Johnson,6-3,49,647,1286,1966,1976,22-32,75,49,647,1286,639,50.3,8329,51,90,7,4.0,7.0,55.1,152,1302,10.57,6.5,4.12,2.78,12.9,111.1,,10,38,1,2,2,6-3,205,25.6,QB,ATLGNBNYGWAS,JohnRa00
199,Bert Jones,6-3,96,1430,2551,1973,1982,22-31,102,96,1430,2551,1121,56.1,18190,124,101,7,4.9,4.0,78.2,232,2020,8.34,7.1,6.32,5.07,12.7,178.3,,47,49,0,8,11,6-3,210,26.2,QB,BALRAM,JoneBe00
200,Mac Jones,6-3,42,864,1308,2021,2023,23-25,42,42,864,1308,444,66.1,8918,46,36,6,3.5,2.8,85.8,84,599,6.03,6.8,6.28,5.47,10.3,212.3,44.9,18,24,0,2,2,6-3,220,27.5,QB,NWE,JoneMa05
201,Danny Kanell,6-3,24,491,956,1996,2003,23-30,43,24,491,956,465,51.4,5129,31,34,5,3.2,3.6,63.2,63,512,6.18,5.4,4.41,3.64,10.4,119.3,33.1,10,13,1,1,3,6-3,218,27.2,QB,ATLDENNYG,KaneDa00
202,Jim Kelly,6-3,160,2874,4779,1986,1996,26-36,160,160,2874,4779,1905,60.1,35467,237,175,12,5.0,3.7,84.4,323,2427,6.33,7.4,6.77,5.86,12.3,221.7,12.0,101,59,0,21,28,6-3,217,27.1,QB,BUF,KellJi00
203,David Klingler,6-3,24,389,718,1992,1997,23-28,33,24,389,718,329,54.2,3994,16,22,0,2.2,3.1,65.1,87,539,10.81,5.6,4.63,3.46,10.3,121.0,13.9,4,20,0,1,1,6-3,210,26.2,QB,CINOAK,KlinDa00
204,Kevin Kolb,6-3,21,449,755,2007,2012,23-28,34,21,449,755,306,59.5,5206,28,25,4,3.7,3.3,78.9,77,517,9.25,6.9,6.15,4.96,11.6,153.1,41.3,9,12,0,4,3,6-3,218,27.2,QB,ARIPHI,KolbKe00
205,Daryle Lamonica,6-3,88,1288,2601,1963,1974,22-33,151,88,1288,2601,1313,49.5,19154,164,138,2,6.3,5.3,72.9,166,1416,6.00,7.4,6.24,5.35,14.9,126.8,,66,16,6,18,17,6-3,215,26.9,QB,BUFOAK,LamoDa00
206,Cleo Lemon,6-3,8,211,379,2006,2008,27-29,15,8,211,379,168,55.7,2185,8,7,0,2.1,1.8,71.8,30,190,7.33,5.8,5.36,4.50,10.4,145.7,39.6,1,7,0,1,1,6-3,218,27.2,QB,JAXMIA,LemoCl00
207,Ryan Lindley,6-3,6,140,274,2012,2015,23-26,10,6,140,274,134,51.1,1372,3,11,3,1.1,4.0,52.4,18,137,6.16,5.0,3.42,2.74,9.8,137.2,33.9,1,5,0,,,6-3,229,28.6,QB,ARIIND,LindRy00
208,Pete Liske,6-3,29,396,778,1964,1972,22-30,48,29,396,778,382,50.9,5170,30,46,4,3.9,5.9,60.4,67,572,8.10,6.6,4.76,3.82,13.1,107.7,,13,15,1,3,2,6-3,200,25.0,QB,DENNYJPHI,LiskPe00
209,Neil Lomax,6-3,101,1817,3153,1981,1988,22-29,108,101,1817,3153,1336,57.6,22771,136,90,6,4.3,2.9,82.7,362,2700,10.30,7.2,6.80,5.33,12.5,210.8,,47,52,2,11,12,6-3,215,26.9,QB,PHOSTL,LomaNe00
210,Ray Lucas,6-3,15,280,483,1996,2002,24-30,55,15,280,483,203,58.0,3029,18,17,2,3.7,3.5,74.3,29,183,5.66,6.3,5.43,4.77,10.8,55.1,42.8,8,7,0,3,3,6-3,214,26.7,QB,MIANWENYJ,LucaRa00
211,Ed Luther,6-3,9,245,460,1980,1984,23-27,61,9,245,460,215,53.3,3187,12,23,0,2.6,5.0,63.2,20,177,4.17,6.9,5.20,4.61,13.0,52.2,,2,7,0,1,3,6-3,206,25.7,QB,SDG,LuthEd00
212,Archie Manning,6-3,139,2011,3642,1971,1984,22-35,151,139,2011,3642,1631,55.2,23911,125,173,11,3.4,4.8,67.1,396,3092,9.81,6.6,5.11,3.85,11.9,158.4,,35,101,3,11,12,6-3,212,26.5,QB,HOUMINNOR,MannAr00
213,Bernie Masterson,6-3,35,144,383,1935,1939,24-28,56,35,144,383,239,37.6,3115,31,35,0,8.1,9.1,56.2,,,,8.1,5.64,,21.6,55.6,,0,0,0,0,0,6-3,195,24.4,QB,CHI,MastBe20
214,Bruce Mathison,6-3,9,152,309,1983,1987,24-28,18,9,152,309,157,49.2,2177,7,20,1,2.3,6.5,53.0,28,252,8.31,7.0,4.59,3.46,14.3,120.9,,2,7,0,1,1,6-3,205,25.6,QB,BUFSDGSEA,MathBr00
215,Shane Matthews,6-3,22,492,839,1996,2004,26-34,31,22,492,839,347,58.6,4756,31,24,4,3.7,2.9,75.0,34,208,3.89,5.7,5.12,4.68,9.7,153.4,43.3,11,11,0,3,2,6-3,196,24.5,QB,BUFCHIWAS,MattSh00
216,Don Meredith,6-3,83,1170,2308,1960,1968,22-30,104,83,1170,2308,1138,50.7,17199,135,111,13,5.8,4.8,74.8,257,1909,10.02,7.5,6.46,5.07,14.7,165.4,,47,32,4,8,8,6-3,210,26.2,QB,DAL,MereDo00
217,Rick Mirer,6-3,68,1088,2043,1993,2003,23-33,80,68,1088,2043,955,53.3,11969,50,76,3,2.4,3.7,63.5,199,1038,8.88,5.9,4.67,3.80,11.0,149.6,27.7,24,44,0,8,9,6-3,210,26.2,QB,CHINYJOAKSEASFO,MireRi00
218,Warren Moon,6-3,203,3988,6823,1984,2000,28-44,208,203,3988,6823,2835,58.4,49325,291,233,16,4.3,3.4,80.9,458,3415,6.29,7.2,6.55,5.66,12.4,237.1,14.9,102,101,0,25,35,6-3,218,27.2,QB,HOUKANMINSEA,MoonWa00
219,Matt Moore,6-3,32,645,1074,2007,2019,23-35,55,32,645,1074,429,60.1,7597,49,36,4,4.6,3.4,82.8,87,606,7.49,7.1,6.48,5.47,11.8,138.1,43.2,16,16,0,6,8,6-3,219,27.4,QB,CARKANMIA,MoorMa01
220,Browning Nagle,6-3,14,213,437,1991,1996,23-28,24,14,213,437,224,48.7,2489,8,20,0,1.8,4.6,53.5,36,274,7.61,5.7,4.00,3.12,11.7,103.7,2.5,4,10,0,0,0,6-3,225,28.1,QB,ATLINDNYJ,NaglBr00
221,Aidan O'Connell,6-3,10,213,343,2023,2023,25,11,10,213,343,130,62.1,2218,12,7,0,3.5,2.0,83.9,24,173,6.54,6.5,6.25,5.37,10.4,201.6,43.6,5,5,0,0,1,6-3,210,26.2,QB,LVR,OConAi00
222,Neil O'Donnell,6-3,100,1865,3229,1991,2003,25-37,125,100,1865,3229,1364,57.8,21690,120,68,8,3.7,2.1,81.8,259,1906,7.43,6.7,6.51,5.48,11.6,173.5,27.0,55,45,0,15,18,6-3,228,28.5,QB,CINNYJPITTEN,ODonNe00
223,Doug Pederson,6-3,17,286,522,1993,2004,25-36,100,17,286,522,236,54.8,2762,12,19,1,2.3,3.6,62.3,40,244,7.12,5.3,4.11,3.39,9.7,27.6,35.8,3,14,0,1,1,6-3,220,27.5,QB,CLEGNBMIAPHI,PedeDo00
224,Chad Pennington,6-3,81,1632,2471,2000,2010,24-34,89,81,1632,2471,839,66.0,17823,102,64,6,4.1,2.6,90.1,162,965,6.15,7.2,6.87,6.08,10.9,200.3,48.1,44,37,0,7,10,6-3,230,28.7,QB,MIANYJ,PennCh01
225,Bryce Petty,6-3,7,130,245,2016,2017,25-26,10,7,130,245,115,53.1,1353,4,10,0,1.6,4.1,57.7,21,134,7.89,5.5,4.01,3.19,10.4,135.3,34.6,1,6,0,1,1,6-3,226,28.2,QB,NYJ,PettBr01
226,Mike Phipps,6-3,71,886,1799,1970,1981,23-34,119,71,886,1799,913,49.2,10506,55,108,2,3.1,6.0,52.6,172,1514,8.73,5.8,3.75,2.65,11.9,88.3,,38,31,2,12,12,6-3,208,26.0,QB,CHICLE,PhipMi00
227,Kenny Pickett,6-3,24,446,713,2022,2023,24-25,25,24,446,713,267,62.6,4474,13,13,0,1.8,1.8,78.8,50,355,6.55,6.3,5.82,4.97,10.0,179.0,42.3,14,10,0,6,7,6-3,220,27.5,QB,PIT,PickKe00
228,Jim Plunkett,6-3,144,1943,3701,1971,1986,24-39,157,144,1943,3701,1758,52.5,25882,164,198,12,4.4,5.3,67.5,380,3279,9.31,7.0,5.47,4.16,13.3,164.9,,72,72,0,18,22,6-3,220,27.5,QB,NWEOAKRAISFO,PlunJi00
229,Warren Rabb,6-3,10,101,251,1960,1962,23-25,30,10,101,251,150,40.2,1782,15,16,0,6.0,6.4,58.6,20,165,7.38,7.1,5.43,4.42,17.6,59.4,,6,3,1,2,2,6-3,204,25.5,QB,BUFDET,RabbWa00
230,John Reaves,6-3,17,286,616,1972,1987,22-37,51,17,286,616,330,46.4,3617,17,34,2,2.8,5.5,51.4,63,505,9.28,5.9,3.94,2.83,12.6,70.9,,4,13,0,1,1,6-3,210,26.2,QB,CINHOUPHITAM,ReavJo00
231,Chris Redman,6-3,12,286,500,2000,2011,23-34,30,12,286,500,214,57.2,3179,21,14,5,4.2,2.8,78.6,34,198,6.37,6.4,5.94,5.19,11.1,106.0,41.0,4,8,0,2,2,6-3,223,27.9,QB,ATLBAL,RedmCh00
232,Desmond Ridder,6-3,17,322,503,2022,2023,23-24,19,17,322,503,181,64.0,3544,14,12,1,2.8,2.4,84.1,40,230,7.37,7.0,6.53,5.62,11.0,186.5,44.9,8,9,0,3,5,6-3,207,25.9,QB,ATL,RiddDe00
233,Tobin Rote,6-3,116,1329,2907,1950,1966,22-38,149,116,1329,2907,1578,45.7,18850,148,191,13,5.1,6.6,56.8,31,2116,6.35,6.5,4.55,5.19,14.2,126.5,,48,64,4,7,7,6-3,211,26.4,QB,DENDETGNBSDG,RoteTo00
234,T.J. Rubley,6-3,7,112,195,1993,1995,25-27,10,7,112,195,83,57.4,1377,8,7,1,4.1,3.6,78.1,13,106,6.25,7.1,6.27,5.37,12.3,137.7,,2,5,0,1,1,6-3,212,26.5,QB,GNBRAM,RublTJ00
235,Cooper Rush,6-3,6,143,236,2017,2023,24-30,26,6,143,236,93,60.6,1619,8,5,0,3.4,2.1,83.6,11,76,4.45,6.9,6.58,5.98,11.3,62.3,39.7,5,1,0,1,3,6-3,225,28.1,QB,DAL,RushCo00
236,Frank Ryan,6-3,87,1090,2133,1958,1970,22-34,126,87,1090,2133,1043,51.1,16042,149,111,4,7.0,5.2,77.6,196,1825,8.81,7.5,6.58,5.33,14.7,127.3,,57,27,3,8,9,6-3,199,24.9,QB,CLERAMWAS,RyanFr00
237,Pat Ryan,6-3,19,364,657,1978,1991,23-36,145,19,364,657,293,55.4,4320,31,35,0,4.7,5.3,69.2,50,342,7.07,6.6,5.12,4.28,11.9,29.8,,11,8,0,2,3,6-3,210,26.2,QB,NYJPHI,RyanPa00
238,Art Schlichter,6-3,6,91,202,1982,1985,22-25,13,6,91,202,111,45.0,1006,3,11,0,1.5,5.4,42.6,28,211,12.17,5.0,2.83,1.57,11.1,77.4,,0,6,0,,,6-3,210,26.2,QB,BALIND,SchlAr00
239,Dennis Shaw,6-3,37,489,924,1970,1975,23-28,50,37,489,924,435,52.9,6347,35,68,3,3.8,7.4,56.8,124,1072,11.83,6.9,4.31,2.78,13.0,126.9,,8,27,2,6,5,6-3,217,27.1,QB,BUFSTL,ShawDe00
240,Trevor Siemian,6-3,33,707,1208,2015,2023,24-32,40,33,707,1208,501,58.5,7751,44,32,5,3.6,2.6,78.7,85,542,6.57,6.4,5.95,5.14,11.0,193.8,40.9,15,18,0,5,4,6-3,220,27.5,QB,CHIDENNORNYJ,SiemTr00
241,Phil Simms,6-3,159,2576,4647,1979,1993,24-38,164,159,2576,4647,2071,55.4,33462,199,157,13,4.3,3.4,78.5,477,3418,9.31,7.2,6.54,5.26,13.0,204.0,,95,64,0,11,17,6-3,216,27.0,QB,NYG,SimmPh00
242,Akili Smith,6-3,17,215,461,1999,2002,24-27,22,17,215,461,246,46.6,2212,5,13,1,1.1,2.8,52.8,59,327,11.35,4.8,3.75,2.69,10.3,100.5,29.4,3,14,0,1,1,6-3,220,27.5,QB,CIN,SmitAk00
243,Geno Smith,6-3,66,1314,2077,2013,2023,23-33,77,66,1314,2077,763,63.3,14823,84,57,9,4.0,2.7,86.6,172,1255,7.65,7.1,6.71,5.64,11.3,192.5,44.6,30,36,0,9,15,6-3,221,27.6,QB,LACNYGNYJSEA,SmitGe00
244,Ken Stabler,6-3,146,2270,3793,1970,1984,25-39,184,146,2270,3793,1523,59.8,27938,194,222,16,5.1,5.9,75.3,281,2514,6.90,7.4,5.75,4.74,12.3,151.8,,96,49,1,16,23,6-3,215,26.9,QB,HOUNOROAK,StabKe00
245,Matthew Stafford,6-3,206,4834,7649,2009,2023,21-35,206,206,4834,7649,2815,63.2,56047,357,180,30,4.7,2.4,91.0,474,3152,5.84,7.3,7.20,6.39,11.6,272.1,47.3,98,107,1,35,44,6-3,220,27.5,QB,DETLAR,StafMa00
246,Drew Stanton,6-3,17,345,659,2008,2017,24-33,38,17,345,659,314,52.4,4059,20,24,0,3.0,3.6,66.3,38,226,5.45,6.2,5.13,4.52,11.8,106.8,38.0,11,6,0,4,4,6-3,226,28.2,QB,ARIDET,StanDr00
247,Roger Staubach,6-3,114,1685,2958,1969,1979,27-37,131,114,1685,2958,1273,57.0,22700,153,109,3,5.2,3.7,83.4,313,2154,9.57,7.7,7.05,5.72,13.5,173.3,,85,29,0,13,21,6-3,197,24.6,QB,DAL,StauRo00
248,John Stofa,6-3,9,146,312,1966,1970,24-28,27,9,146,312,166,46.8,1758,12,11,0,3.8,3.5,62.7,30,275,8.82,5.6,4.82,3.46,12.0,65.1,,4,5,0,2,3,6-3,210,26.2,QB,CINMIA,StofJo00
249,Kelly Stouffer,6-3,16,225,437,1988,1992,24-28,22,16,225,437,212,51.5,2333,7,19,3,1.6,4.3,54.5,50,431,10.27,5.3,3.70,2.44,10.4,106.0,,5,11,0,,,6-3,210,26.2,QB,SEA,StouKe00
250,C.J. Stroud,6-3,15,319,499,2023,2023,22,15,15,319,499,180,63.9,4108,23,5,0,4.6,1.0,100.8,38,331,7.08,8.2,8.70,7.47,12.9,273.9,46.7,9,6,0,1,3,6-3,218,27.2,QB,HOU,StroCJ00
251,Tyler Thigpen,6-3,12,275,509,2007,2012,23-28,29,12,275,509,234,54.0,3222,21,18,2,4.1,3.5,72.5,35,221,6.43,6.3,5.56,4.80,11.7,111.1,41.2,1,11,0,0,1,6-3,235,29.4,QB,BUFKANMIA,ThigTy00
252,Jack Thompson,6-3,21,449,845,1979,1984,23-28,51,21,449,845,396,53.1,5315,33,45,3,3.9,5.3,63.4,85,695,9.14,6.3,4.67,3.50,11.8,104.2,,4,17,0,2,3,6-3,217,27.1,QB,CINTAM,ThomJa00
253,Jack Trudeau,6-3,49,873,1644,1986,1995,24-33,67,49,873,1644,771,53.1,10243,42,69,4,2.6,4.2,63.3,103,717,5.90,6.2,4.85,4.16,11.7,152.9,2.9,19,30,0,10,10,6-3,227,28.4,QB,CARINDNYJ,TrudJa00
254,Steve Walsh,6-3,38,713,1317,1989,1999,23-33,80,38,713,1317,604,54.1,7875,40,50,7,3.0,3.8,66.4,40,274,2.95,6.0,4.88,4.53,11.0,98.4,15.5,20,18,0,4,9,6-3,207,25.9,QB,CHIDALINDNORSTLTAM,WalsSt00
255,Deshaun Watson,6-3,65,1390,2089,2017,2023,22-28,66,65,1390,2089,699,66.5,16756,118,45,4,5.6,2.2,100.8,211,1241,9.17,8.0,8.18,6.89,12.1,253.9,48.1,36,29,0,9,11,6-3,223,27.9,QB,CLEHOU,WatsDe00
256,Brandon Weeden,6-3,25,559,965,2012,2018,29-35,35,25,559,965,406,57.9,6462,31,30,3,3.2,3.1,76.0,66,452,6.40,6.7,5.94,5.12,11.6,184.6,40.0,6,19,0,2,3,6-3,227,28.4,QB,CLEDALHOU,WeedBr00
257,Dave Wilson,6-3,31,551,1039,1981,1988,22-29,53,31,551,1039,488,53.0,6987,36,55,3,3.5,5.3,63.8,99,824,8.70,6.7,5.04,3.87,12.7,131.8,,12,19,0,2,3,6-3,206,25.7,QB,NOR,WilsDa00
258,Wade Wilson,6-3,69,1391,2428,1981,1998,22-39,125,69,1391,2428,1037,57.3,17283,99,102,9,4.1,4.2,75.6,217,1508,8.20,7.1,6.04,4.98,12.4,138.3,3.4,36,33,0,6,11,6-3,210,26.2,QB,ATLDALMINNOROAK,WilsWa00
259,Brandon Allen,6-2,9,149,263,2019,2022,27-30,15,9,149,263,114,56.7,1611,10,6,0,3.8,2.3,78.0,21,143,7.39,6.1,5.86,4.92,10.8,107.4,36.3,2,7,0,1,2,6-2,209,26.8,QB,CINDEN,AlleBr00
260,Ken Anderson,6-2,172,2654,4475,1971,1986,22-37,192,172,2654,4475,1821,59.3,32838,197,160,8,4.4,3.6,81.9,398,2875,8.17,7.3,6.61,5.48,12.4,171.0,,91,81,0,10,14,6-2,212,27.2,QB,CIN,AndeKe00
261,David Archer,6-2,23,336,661,1984,1989,22-27,55,23,336,661,325,50.8,4337,18,30,1,2.7,4.5,61.9,89,642,11.87,6.6,5.06,3.61,12.9,78.9,,9,13,1,3,2,6-2,207,26.6,QB,ATLSDGWAS,ArchDa00
262,Bob Avellini,6-2,50,560,1110,1975,1984,22-31,73,50,560,1110,550,50.5,7111,33,69,3,3.0,6.2,54.8,110,961,9.02,6.4,4.20,3.04,12.7,97.4,,23,27,0,7,10,6-2,208,26.7,QB,CHI,AvelBo00
263,Matt Barkley,6-2,7,212,363,2013,2023,23-33,20,7,212,363,151,58.4,2699,11,22,0,3.0,6.1,66.6,13,92,3.46,7.4,5.31,4.89,12.7,135.0,48.7,2,5,0,,,6-2,234,30.0,QB,BUFCHIJAXPHI,BarkMa00
264,Charlie Batch,6-2,55,908,1604,1998,2012,24-38,81,55,908,1604,696,56.6,11085,61,52,3,3.8,3.2,77.2,161,890,9.12,6.9,6.21,5.14,12.2,136.9,39.9,25,30,0,9,11,6-2,216,27.7,QB,DETPIT,BatcCh00
265,Sammy Baugh,6-2,48,1014,1766,1944,1952,30-38,95,48,1014,1766,752,57.4,13507,107,110,5,6.1,6.2,76.0,,443,,7.6,6.06,,13.3,142.2,,11,10,0,4,10,6-2,182,23.4,QB,WAS,BaugSa00
266,C.J. Beathard,6-2,13,340,563,2017,2023,24-30,32,13,340,563,223,60.4,3886,19,14,1,3.4,2.5,82.1,53,400,8.60,6.9,6.46,5.25,11.4,121.4,42.2,3,10,0,,,6-2,215,27.6,QB,JAXSFO,BeatC.00
267,John Beck,6-2,7,140,239,2007,2011,26-30,9,7,140,239,99,58.6,1417,3,7,0,1.3,2.9,67.6,26,153,9.81,5.9,4.86,3.81,10.1,157.4,41.9,0,7,0,,,6-2,215,27.6,QB,MIAWAS,BeckJo00
268,George Blanda,6-2,104,1902,3986,1950,1975,23-48,328,104,1902,3986,2084,47.7,26723,236,272,17,5.9,6.8,61.1,88,1155,2.83,6.7,4.82,4.72,14.0,81.5,,53,50,1,17,17,6-2,215,27.6,QB,BCLCHIHOUOAK,BlanGe00
269,Todd Bouman,6-2,7,147,264,2001,2010,29-38,43,7,147,264,117,55.7,1905,13,13,4,4.9,4.9,74.4,17,122,6.05,7.2,5.98,5.19,13.0,44.3,43.1,1,6,0,,,6-2,229,29.4,QB,JAXMINNOR,BoumTo00
270,Zeke Bratkowski,6-2,49,762,1484,1954,1971,23-40,132,49,762,1484,722,51.3,10345,65,122,8,4.4,8.2,54.3,94,1073,7.73,7.0,4.15,3.27,13.6,78.4,,18,30,1,5,7,6-2,210,27.0,QB,CHIGNBRAM,BratZe00
271,Teddy Bridgewater,6-2,65,1372,2067,2014,2023,22-31,79,65,1372,2067,695,66.4,15120,75,47,2,3.6,2.3,90.5,166,1114,7.43,7.3,7.02,6.00,11.0,191.4,44.6,33,32,0,5,7,6-2,212,27.2,QB,CARDENDETMIAMINNOR,BridTe00
272,Ed Brown,6-2,96,949,1987,1954,1965,26-37,154,96,949,1987,1038,47.8,15600,102,138,11,5.1,6.9,62.8,119,1776,10.75,7.9,5.75,3.95,16.4,101.3,,53,38,5,14,14,6-2,200,25.7,QB,BALCHIPIT,BrowEd01
273,Jake Browning,6-2,7,171,243,2023,2023,27,9,7,171,243,72,70.4,1936,12,7,1,4.9,2.9,98.4,24,169,8.99,8.0,7.66,6.34,11.3,215.1,48.3,4,3,0,2,2,6-2,209,26.8,QB,CIN,BrowJa08
274,Adrian Burk,6-2,42,500,1079,1950,1956,23-29,82,42,500,1079,579,46.3,7001,61,89,4,5.7,8.2,52.2,,991,,6.5,3.91,,14.0,85.4,,15,25,2,4,2,6-2,190,24.4,QB,BCLPHI,BurkAd00
275,Quincy Carter,6-2,34,542,960,2001,2004,24-27,38,34,542,960,418,56.5,6337,32,37,3,3.3,3.9,71.7,80,441,7.69,6.6,5.53,4.68,11.7,166.8,38.4,18,16,0,5,7,6-2,213,27.3,QB,DALNYJ,CartQu00
276,Matt Cavanaugh,6-2,19,305,579,1979,1991,23-35,112,19,305,579,274,52.7,4332,28,30,0,4.8,5.2,71.7,60,462,9.39,7.5,6.12,4.82,14.2,38.7,,8,11,0,3,3,6-2,212,27.2,QB,NWENYGPHISFO,CavaMa00
277,Kellen Clemens,6-2,21,350,638,2006,2017,23-34,64,21,350,638,288,54.9,4053,16,21,5,2.5,3.3,68.9,66,401,9.38,6.4,5.37,4.30,11.6,63.3,38.9,8,13,0,1,2,6-2,220,28.2,QB,LACNYJSDGSTL,ClemKe00
278,Brodie Croyle,6-2,10,181,319,2006,2010,23-27,18,10,181,319,138,56.7,1669,8,9,2,2.5,2.8,67.8,26,168,7.54,5.2,4.46,3.64,9.2,92.7,38.8,0,10,0,,,6-2,206,26.4,QB,KAN,CroyBr00
279,Andy Dalton,6-2,163,3408,5454,2011,2023,24-36,169,163,3408,5454,2046,62.5,38511,246,144,18,4.5,2.6,87.6,348,2281,6.00,7.1,6.78,5.98,11.3,227.9,45.3,83,78,2,25,29,6-2,220,28.2,QB,CARCHICINDALNOR,DaltAn00
280,Gary Danielson,6-2,60,1105,1932,1976,1988,25-37,101,60,1105,1932,827,57.2,13764,81,78,4,4.2,4.0,76.6,183,1446,8.65,7.1,6.15,4.93,12.5,136.3,,28,31,1,5,11,6-2,195,25.0,QB,CLEDET,DaniGa00
281,Austin Davis,6-2,10,236,378,2014,2017,25-28,16,10,236,378,142,62.4,2548,13,12,4,3.4,3.2,80.4,40,275,9.57,6.7,6.00,4.77,10.8,159.3,45.2,3,7,0,1,2,6-2,221,28.4,QB,CLESEASTL,DaviAu00
282,Bob Davis,6-2,14,137,324,1967,1973,22-28,40,14,137,324,187,42.3,1553,14,23,0,4.3,7.1,42.1,36,294,10.00,4.8,2.46,1.40,11.3,38.8,,6,7,1,0,1,6-2,205,26.3,QB,HOUNORNYJ,DaviBo00
283,Jake Delhomme,6-2,96,1741,2932,1999,2011,24-36,103,96,1741,2932,1191,59.4,20975,126,101,13,4.3,3.4,81.3,168,1267,5.42,7.2,6.46,5.70,12.0,203.6,44.1,56,40,0,19,24,6-2,215,27.6,QB,CARCLEHOUNOR,DelhJa00
284,Tommy DeVito,6-2,6,114,178,2023,2023,25,9,6,114,178,64,64.0,1101,8,3,0,4.5,1.7,89.2,37,196,17.21,6.2,6.33,4.33,9.7,122.3,32.1,3,3,0,1,2,6-2,210,27.0,QB,NYG,DeViTo00
285,Craig Erickson,6-2,36,591,1092,1992,1997,23-28,52,36,591,1092,501,54.1,7625,41,38,4,3.8,3.5,74.3,82,535,6.98,7.0,6.17,5.28,12.9,146.6,22.8,14,21,0,2,2,6-2,209,26.8,QB,INDMIATAM,EricCr00
286,Vince Evans,6-2,39,704,1390,1977,1995,22-40,100,39,704,1390,686,50.6,9485,52,74,6,3.7,5.3,63.0,118,904,7.82,6.8,5.18,4.17,13.5,94.9,6.1,14,25,0,3,5,6-2,215,27.6,QB,CHIOAKRAI,EvanVi00
287,Brett Favre,6-2,298,6300,10169,1991,2010,22-41,302,298,6300,10169,3869,62.0,71838,508,336,32,5.0,3.3,86.0,525,3487,4.91,7.1,6.58,5.93,11.4,237.9,42.3,186,112,0,28,43,6-2,222,28.5,QB,ATLGNBMINNYJ,FavrBr00
288,Jay Fiedler,6-2,60,1008,1717,1995,2005,24-34,76,60,1008,1717,709,58.7,11844,69,66,8,4.0,3.8,77.1,114,734,6.23,6.9,5.97,5.20,11.8,155.8,43.3,37,23,0,8,9,6-2,225,28.9,QB,JAXMIAMINNYJPHI,FiedJa00
289,Ryan Fitzpatrick,6-2,147,3072,5060,2005,2021,23-39,166,147,3072,5060,1988,60.7,34990,223,169,13,4.4,3.3,82.3,300,1576,5.60,6.9,6.29,5.65,11.4,210.8,43.9,59,87,1,13,18,6-2,221,28.4,QB,BUFCINHOUMIANYJSTLTAMTENWAS,FitzRy00
290,Matt Flynn,6-2,7,219,357,2008,2014,23-29,51,7,219,357,138,61.3,2541,17,11,4,4.8,3.1,85.9,39,209,9.85,7.1,6.68,5.50,11.6,49.8,43.7,3,4,0,4,3,6-2,228,29.3,QB,GNBOAKSEA,FlynMa00
291,Glenn Foley,6-2,9,207,382,1994,1999,24-29,21,9,207,382,175,54.2,2469,12,16,2,3.1,4.2,67.2,27,193,6.60,6.5,5.21,4.39,11.9,117.6,38.6,2,7,0,2,3,6-2,210,27.0,QB,NYJSEA,FoleGl00
292,Jimmy Garoppolo,6-2,63,1277,1895,2014,2023,23-32,81,63,1277,1895,618,67.4,15494,94,51,2,5.0,2.7,97.6,137,921,6.74,8.2,7.96,6.97,12.1,191.3,49.9,43,20,0,13,13,6-2,225,28.9,QB,LVRNWESFO,GaroJi00
293,Jason Garrett,6-2,9,165,294,1993,2000,27-34,25,9,165,294,129,56.1,2042,11,5,0,3.7,1.7,83.2,20,110,6.37,6.9,6.93,6.14,12.4,81.7,35.0,6,3,0,,,6-2,200,25.7,QB,DALNYG,GarrJa00
294,Joe Gilliam,6-2,7,147,331,1972,1975,22-25,20,7,147,331,184,44.4,2103,9,17,1,2.7,5.1,53.2,12,104,3.50,6.4,4.59,4.12,14.3,105.2,,4,2,1,1,2,6-2,187,24.0,QB,PIT,GillJo00
295,Robert Griffin III,6-2,42,799,1268,2012,2020,22-30,56,42,799,1268,469,63.0,9271,43,30,3,3.4,2.4,86.5,131,895,9.36,7.3,6.93,5.64,11.6,165.6,43.1,16,26,0,4,5,6-2,213,27.3,QB,BALCLEWAS,GrifRo01
296,Taysom Hill,6-2,36,188,292,2017,2023,27-33,81,36,188,292,104,64.4,2293,11,8,1,3.8,2.7,89.6,28,172,8.75,7.9,7.37,6.19,12.2,28.3,44.1,7,2,0,0,1,6-2,221,28.4,QB,NOR,HillTa00
297,Eric Hipple,6-2,57,830,1546,1980,1989,23-32,102,57,830,1546,716,53.7,10711,55,70,6,3.6,4.5,68.7,160,1188,9.38,6.9,5.60,4.38,12.9,105.0,,28,29,0,4,4,6-2,196,25.2,QB,DET,HippEr00
298,Kelly Holcomb,6-2,24,565,893,1997,2007,24-34,37,24,565,893,328,63.3,5916,39,38,4,4.4,4.3,79.2,71,540,7.37,6.6,5.58,4.61,10.5,159.9,45.2,8,16,0,3,3,6-2,212,27.2,QB,BUFCLEINDMIN,HolcKe00
299,Don Horn,6-2,15,232,465,1967,1974,22-29,57,15,232,465,233,49.9,3369,20,36,2,4.3,7.7,55.9,27,233,5.49,7.2,4.62,3.89,14.5,59.1,,6,8,1,1,1,6-2,195,25.0,QB,CLEDENGNBSDG,HornDo00
300,Brian Hoyer,6-2,41,925,1560,2009,2023,24-38,79,41,925,1560,635,59.3,10899,53,37,3,3.4,2.4,82.0,90,652,5.45,7.0,6.60,5.84,11.8,138.0,43.6,16,25,0,6,6,6-2,215,27.6,QB,ARICHICLEHOUINDLVRNWESFO,HoyeBr00
301,Stan Humphries,6-2,81,1431,2516,1989,1997,24-32,88,81,1431,2516,1085,56.9,17191,89,84,11,3.5,3.3,75.8,144,1182,5.41,6.8,6.04,5.27,12.0,195.4,27.0,50,31,0,8,10,6-2,223,28.6,QB,SDGWAS,HumpSt00
302,Scott Hunter,6-2,42,335,748,1971,1979,24-32,64,42,335,748,413,44.8,4756,23,38,5,3.1,5.1,55.0,58,458,7.20,6.4,4.69,3.78,14.2,74.3,,21,18,3,6,9,6-2,205,26.3,QB,ATLBUFDETGNB,HuntSc00
303,Lamar Jackson,6-2,77,1362,2112,2018,2023,21-26,86,77,1362,2112,750,64.5,15887,125,45,3,5.9,2.1,98.0,169,859,7.41,7.5,7.75,6.80,11.7,184.7,47.1,58,19,0,8,10,6-2,215,27.6,QB,BAL,JackLa00
304,Tarvaris Jackson,6-2,34,640,1073,2006,2015,23-32,59,34,640,1073,433,59.6,7263,39,35,3,3.6,3.3,78.5,90,546,7.74,6.8,6.03,5.09,11.3,123.1,41.8,17,17,0,3,4,6-2,225,28.9,QB,MINSEA,JackTa00
305,Ron Jaworski,6-2,143,2187,4117,1974,1989,23-38,188,143,2187,4117,1930,53.1,28190,179,164,4,4.3,4.0,72.8,363,2826,8.10,6.8,5.92,4.81,12.9,149.9,,73,69,1,17,23,6-2,196,25.2,QB,KANMIAPHIRAM,JawoRo00
306,Doug Johnson,6-2,11,218,384,2000,2004,23-27,25,11,218,384,166,56.8,2600,13,18,3,3.4,4.7,69.4,38,226,9.00,6.8,5.34,4.32,11.9,104.0,37.4,2,9,0,2,3,6-2,225,28.9,QB,ATLTEN,JohnDo00
307,Joe Kapp,6-2,48,449,918,1967,1970,29-32,51,48,449,918,469,48.9,5911,40,64,7,4.4,7.0,55.1,109,907,10.61,6.4,4.17,2.85,13.2,115.9,,24,21,3,4,4,6-2,215,27.6,QB,BOSMIN,KappJo00
308,Jon Kitna,6-2,124,2677,4442,1997,2011,25-39,141,124,2677,4442,1765,60.3,29745,169,165,17,3.8,3.7,77.4,323,1987,6.78,6.7,5.79,4.98,11.1,211.0,45.0,50,74,0,18,22,6-2,219,28.1,QB,CINDALDETSEA,KitnJo00
309,Jeff Komlo,6-2,16,218,437,1979,1983,23-27,25,16,218,437,219,49.9,2603,12,28,2,2.7,6.4,50.9,48,431,9.90,6.0,3.62,2.38,11.9,104.1,,2,14,0,1,1,6-2,200,25.7,QB,DETTAM,KomlJe00
310,Tommy Kramer,6-2,110,2012,3651,1977,1990,22-35,129,110,2012,3651,1639,55.1,24777,159,158,12,4.4,4.3,72.8,249,1586,6.38,6.8,5.71,4.94,12.3,192.1,,54,56,0,15,19,6-2,200,25.7,QB,MINNOR,KramTo00
311,Babe Laufenberg,6-2,7,93,211,1986,1990,27-31,16,7,93,211,118,44.1,1057,5,11,2,2.4,5.2,45.9,22,184,9.44,5.0,3.14,2.05,11.4,66.1,,2,5,0,1,1,6-2,198,25.4,QB,DALNORSDG,LaufBa00
312,Bob Lee,6-2,30,368,730,1969,1980,23-34,77,30,368,730,362,50.4,5034,30,40,0,4.1,5.5,63.7,93,805,11.30,6.9,5.25,3.68,13.7,65.4,,19,11,0,1,5,6-2,195,25.0,QB,ATLMINRAM,LeexBo00
313,Jake Locker,6-2,23,408,709,2011,2014,23-26,30,23,408,709,301,57.5,4967,27,22,1,3.8,3.1,79.0,60,378,7.80,7.0,6.37,5.38,12.2,165.6,39.7,9,14,0,1,3,6-2,228,29.3,QB,TEN,LockJa00
314,J.P. Losman,6-2,33,564,952,2004,2011,23-30,45,33,564,952,388,59.2,6271,33,34,3,3.5,3.6,75.6,108,789,10.19,6.6,5.67,4.35,11.1,139.4,40.1,10,23,0,3,6,6-2,217,27.9,QB,BUFMIAOAK,LosmJ.00
315,Oliver Luck,6-2,9,233,413,1983,1986,23-26,20,9,233,413,180,56.4,2544,13,21,1,3.1,5.1,64.1,33,261,7.40,6.2,4.50,3.58,10.9,127.2,,3,6,0,1,2,6-2,196,25.2,QB,HOU,LuckOl00
316,Patrick Mahomes,6-2,96,2386,3590,2017,2023,22-28,96,96,2386,3590,1204,66.5,28424,219,63,4,6.1,1.8,103.5,148,980,3.96,7.9,8.35,7.76,11.9,296.1,52.6,74,22,0,14,16,6-2,225,28.9,QB,KAN,MahoPa00
317,Don Majkowski,6-2,57,1056,1905,1987,1996,23-32,90,57,1056,1905,849,55.4,12700,66,67,8,3.5,3.5,72.9,180,1058,8.63,6.7,5.78,4.77,12.0,141.1,5.9,26,30,1,10,13,6-2,197,25.3,QB,DETGNBIND,MajkDo00
318,Jamie Martin,6-2,8,355,541,1996,2007,26-37,53,8,355,541,186,65.6,3814,20,21,2,3.7,3.9,82.3,36,230,6.24,7.0,6.04,5.27,10.7,72.0,45.1,4,4,0,3,4,6-2,205,26.3,QB,JAXNORSTL,MartJa00
319,Paul McDonald,6-2,21,411,767,1980,1986,22-28,85,21,411,767,356,53.6,5269,24,37,3,3.1,4.8,65.7,78,521,9.23,6.9,5.32,4.22,12.8,62.0,,8,13,0,3,5,6-2,185,23.8,QB,CLEDAL,McDoPa00
320,Mike McMahon,6-2,14,229,515,2001,2005,22-26,29,14,229,515,286,44.5,2867,15,21,5,2.9,4.1,55.1,55,338,9.65,5.6,4.31,3.31,12.5,98.9,31.8,3,11,0,3,3,6-2,208,26.7,QB,DETPHI,McMaMi00
321,Donovan McNabb,6-2,161,3170,5374,1999,2011,23-35,167,161,3170,5374,2204,59.0,37276,234,117,7,4.4,2.2,85.6,410,2626,7.09,6.9,6.83,5.89,11.8,223.2,43.3,98,62,1,16,24,6-2,240,30.8,QB,MINPHIWAS,McNaDo00
322,Steve McNair,6-2,153,2733,4544,1995,2007,22-34,161,153,2733,4544,1811,60.1,31304,174,119,13,3.8,2.6,82.8,254,1567,5.29,6.9,6.48,5.81,11.5,194.4,45.2,91,62,0,15,21,6-2,230,29.5,QB,BALHOUTEN,McNaSt00
323,Kim McQuilken,6-2,7,108,272,1974,1979,23-28,26,7,108,272,164,39.7,1135,4,29,0,1.5,10.7,17.9,31,322,10.23,4.2,-0.33,-1.36,10.5,43.7,,2,5,0,,,6-2,203,26.1,QB,ATLWAS,McQuKi00
324,Chris Miller,6-2,92,1580,2892,1987,1999,22-34,98,92,1580,2892,1312,54.6,19320,123,102,10,4.3,3.5,74.9,209,1527,6.74,6.7,5.94,5.05,12.2,197.1,11.2,34,58,0,8,11,6-2,212,27.2,QB,ATLDENRAMSTL,MillCh00
325,Jim Miller,6-2,27,610,1046,1995,2002,24-31,37,27,610,1046,436,58.3,6387,36,31,1,3.4,3.0,75.2,40,238,3.68,6.1,5.46,5.04,10.5,172.6,41.6,15,12,0,5,6,6-2,226,29.0,QB,CHIPIT,MillJi00
326,Joe Montana,6-2,164,3409,5391,1979,1994,23-38,192,164,3409,5391,1982,63.2,40551,273,139,6,5.1,2.6,92.3,313,2095,5.49,7.5,7.37,6.60,11.9,211.2,4.1,117,47,0,26,28,6-2,200,25.7,QB,KANSFO,MontJo01
327,Bill Munson,6-2,66,1070,1982,1964,1979,23-38,107,66,1070,1982,912,54.0,12896,84,80,3,4.2,4.0,71.5,192,1409,8.83,6.5,5.54,4.40,12.1,120.5,,27,34,5,8,8,6-2,203,26.1,QB,BUFDETRAMSDGSEA,MunsBi00
328,Jack Myers,6-2,7,0,0,1948,1948,24,12,7,0,0,0,,0,0,0,0,,,,,,,,,,,0.0,,0,0,0,,,6-2,200,25.7,QB,PHI,MyerJa20
329,Joe Namath,6-2,129,1886,3762,1965,1977,22-34,140,129,1886,3762,1876,50.1,27663,173,220,28,4.6,5.8,65.5,170,1621,4.32,7.4,5.64,4.99,14.7,197.6,,62,63,4,15,15,6-2,200,25.7,QB,NYJRAM,NamaJo00
330,Kent Nix,6-2,18,301,652,1967,1972,23-28,46,18,301,652,351,46.2,3644,23,49,2,3.5,7.5,44.3,40,306,5.78,5.6,2.91,2.30,12.1,79.2,,4,14,0,3,3,6-2,195,25.0,QB,CHIHOUPIT,NixxKe00
331,Rick Norton,6-2,11,159,382,1966,1970,23-27,32,11,159,382,223,41.6,1815,7,30,4,1.8,7.9,30.0,47,430,10.96,4.8,1.58,0.41,11.4,56.7,,1,10,0,0,2,6-2,200,25.7,QB,GNBMIA,NortRi00
332,J.T. O'Sullivan,6-2,8,145,257,2004,2009,25-30,17,8,145,257,112,56.4,1866,9,13,2,3.5,5.1,69.9,38,246,12.88,7.3,5.68,4.12,12.9,109.8,37.3,2,6,0,1,1,6-2,232,29.8,QB,CINDETGNBSFO,OSulJ.00
333,Mike Pagel,6-2,54,756,1509,1982,1993,22-33,132,54,756,1509,753,50.1,9414,49,63,4,3.2,4.2,63.3,115,837,7.08,6.2,5.01,4.14,12.5,71.3,,17,36,1,6,8,6-2,206,26.4,QB,BALCLEINDRAM,PageMi00
334,Dan Pastorini,6-2,117,1556,3055,1971,1983,22-34,140,117,1556,3055,1499,50.9,18515,103,161,6,3.4,5.3,59.1,246,2229,7.45,6.1,4.36,3.36,11.9,132.3,,56,61,0,14,19,6-2,208,26.7,QB,HOUOAKPHIRAM,PastDa00
335,Jake Plummer,6-2,136,2484,4350,1997,2006,23-32,143,136,2484,4350,1866,57.1,29253,161,161,13,3.7,3.7,74.6,284,1735,6.13,6.7,5.80,5.07,11.8,204.6,42.6,69,67,0,20,30,6-2,212,27.2,QB,ARIDEN,PlumJa00
336,Christian Ponder,6-2,36,632,1057,2011,2014,23-26,38,36,632,1057,425,59.8,6658,38,36,7,3.6,3.4,75.9,95,501,8.25,6.3,5.49,4.60,10.5,175.2,41.1,14,21,1,2,3,6-2,222,28.5,QB,MIN,PondCh00
337,Dak Prescott,6-2,114,2595,3873,2016,2023,23-30,114,114,2595,3873,1278,67.0,29459,202,74,9,5.2,1.9,99.0,235,1417,5.72,7.6,7.79,7.00,11.4,258.4,50.0,73,41,0,14,22,6-2,238,30.6,QB,DAL,PresDa01
338,Patrick Ramsey,6-2,24,511,913,2002,2008,23-29,37,24,511,913,402,56.0,5930,35,30,4,3.8,3.3,74.9,79,520,7.96,6.5,5.78,4.80,11.6,160.3,40.6,10,14,0,0,2,6-2,225,28.9,QB,DENNYJWAS,RamsPa00
339,Steve Ramsey,6-2,31,456,921,1970,1976,22-28,54,31,456,921,465,49.5,6437,35,58,4,3.8,6.3,58.9,110,792,10.67,7.0,4.92,3.62,14.1,119.2,,14,17,0,3,5,6-2,210,27.0,QB,DENNOR,RamsSt00
340,Matt Robinson,6-2,20,244,523,1977,1982,22-27,69,20,244,523,279,46.7,3519,18,38,3,3.4,7.3,50.2,59,470,10.14,6.7,4.15,2.92,14.4,51.0,,10,10,0,1,1,6-2,196,25.2,QB,BUFDENNYJ,RobiMa01
341,Aaron Rodgers,6-2,224,5001,7661,2005,2023,22-40,231,224,5001,7661,2660,65.3,59055,475,105,4,6.2,1.4,103.6,531,3606,6.48,7.7,8.33,7.35,11.8,255.6,48.4,148,75,1,21,31,6-2,223,28.6,QB,GNBNYJ,RodgAa00
342,Tony Romo,6-2,127,2829,4335,2004,2016,24-36,156,127,2829,4335,1506,65.3,34183,248,117,13,5.7,2.7,97.1,248,1672,5.41,7.9,7.81,7.03,12.1,219.1,50.2,78,49,0,24,29,6-2,230,29.5,QB,DAL,RomoTo00
343,Timm Rosenbach,6-2,20,295,551,1989,1992,23-26,26,20,295,551,256,53.5,3676,16,24,2,2.9,4.4,66.0,52,336,8.62,6.7,5.29,4.28,12.5,141.4,,5,15,0,1,1,6-2,210,27.0,QB,PHO,RoseTi00
344,Mark Sanchez,6-2,73,1314,2320,2009,2018,23-32,79,73,1314,2320,1006,56.6,15357,86,89,9,3.7,3.8,73.2,168,1090,6.75,6.6,5.63,4.82,11.7,194.4,41.6,37,36,0,8,10,6-2,232,29.8,QB,DALNYJPHIWAS,SancMa00
345,Jack Scarbath,6-2,11,101,279,1953,1956,23-26,29,11,101,279,178,36.2,1868,18,30,1,6.5,10.8,42.1,,385,,6.7,3.15,,18.5,64.4,,4,7,0,1,2,6-2,206,26.4,QB,PITWAS,ScarJa20
346,Heath Shuler,6-2,22,292,593,1994,1997,23-26,29,22,292,593,301,49.2,3691,15,33,2,2.5,5.6,54.3,46,291,7.20,6.2,4.23,3.47,12.6,127.3,34.0,8,14,0,3,2,6-2,216,27.7,QB,NORWAS,ShulHe00
347,Mickey Slaughter,6-2,19,291,584,1963,1966,22-25,40,19,291,584,293,49.8,3607,22,37,0,3.8,6.3,55.5,81,630,12.18,6.2,4.08,2.63,12.4,90.2,,2,15,2,2,1,6-2,204,26.2,QB,DEN,SlauMi00
348,Butch Songin,6-2,20,327,694,1960,1962,36-38,35,20,327,694,367,47.1,4347,38,31,2,5.5,4.5,67.1,55,412,7.34,6.3,5.35,4.41,13.3,124.2,,8,11,1,2,1,6-2,190,24.4,QB,BOSNYT,SongBu00
349,Steve Spurrier,6-2,38,594,1147,1967,1976,22-31,78,38,594,1147,553,51.8,6829,39,60,5,3.4,5.2,59.6,85,666,6.90,6.0,4.28,3.44,11.5,87.6,,13,24,1,2,1,6-2,204,26.2,QB,SFOTAM,SpurSt00
350,Steve Stenstrom,6-2,10,177,314,1996,1999,25-28,17,10,177,314,137,56.4,1895,4,12,3,1.3,3.8,62.5,32,227,9.25,6.0,4.57,3.49,10.7,111.5,38.2,1,9,0,,,6-2,206,26.4,QB,CHISFO,StenSt00
351,Jerry Tagge,6-2,12,136,281,1972,1974,22-24,18,12,136,281,145,48.4,1583,3,17,1,1.1,6.0,44.2,17,116,5.70,5.6,3.12,2.56,11.6,87.9,,6,6,0,1,1,6-2,220,28.2,QB,GNB,TaggJe00
352,Mike Taliaferro,6-2,32,419,966,1964,1972,23-31,82,32,419,966,547,43.4,5241,36,63,3,3.7,6.5,46.1,80,826,7.65,5.4,3.24,2.20,12.5,63.9,,11,21,0,2,2,6-2,202,25.9,QB,BOSBUFNYJ,TaliMi00
353,Tim Tebow,6-2,16,173,361,2010,2012,23-25,35,16,173,361,188,47.9,2422,17,9,2,4.7,2.5,75.3,41,258,10.20,6.7,6.53,5.22,14.0,69.2,35.3,8,6,0,6,6,6-2,236,30.3,QB,DENNYJ,TeboTi00
354,Richard Todd,6-2,108,1610,2967,1976,1985,23-32,119,108,1610,2967,1357,54.3,20610,124,161,11,4.2,5.4,67.6,264,2127,8.17,6.9,5.34,4.25,12.8,173.2,,48,59,1,9,14,6-2,207,26.6,QB,NORNYJ,ToddRi00
355,Frank Tripucka,6-2,56,879,1745,1949,1963,22-36,75,56,879,1745,866,50.4,10282,69,124,12,4.0,7.1,52.2,63,1048,4.70,5.9,3.49,3.17,11.7,137.1,,17,34,1,8,8,6-2,192,24.6,QB,CRDDENDETDTX,TripFr00
356,Mitchell Trubisky,6-2,57,1200,1872,2017,2023,23-29,69,57,1200,1872,672,64.1,12536,72,48,0,3.8,2.6,85.5,129,808,6.45,6.7,6.31,5.50,10.4,181.7,45.4,31,26,0,5,8,6-2,220,28.2,QB,BUFCHIPIT,TrubMi00
357,Billy Volek,6-2,10,337,561,2001,2011,25-35,39,10,337,561,224,60.1,3754,27,15,4,4.8,2.7,84.9,49,320,8.03,6.7,6.45,5.41,11.1,96.3,42.1,3,7,0,2,2,6-2,214,27.5,QB,SDGTEN,VoleBi00
358,Billy Wade,6-2,85,1370,2523,1954,1966,24-36,128,85,1370,2523,1153,54.3,18530,124,134,8,4.9,5.3,72.2,128,1801,7.45,7.3,5.94,4.83,13.5,144.8,,40,43,2,10,11,6-2,202,25.9,QB,CHIRAM,WadeBi00
359,Andre Ware,6-2,6,83,161,1990,1993,22-25,14,6,83,161,78,51.6,1112,5,8,0,3.1,5.0,63.5,27,146,14.36,6.9,5.29,3.76,13.4,79.4,,3,3,0,,,6-2,205,26.3,QB,DET,WareAn00
360,Kurt Warner,6-2,116,2666,4070,1998,2009,27-38,124,116,2666,4070,1404,65.5,32344,208,128,15,5.1,3.1,93.7,260,1669,6.00,7.9,7.55,6.71,12.1,260.8,49.7,67,49,0,7,11,6-2,214,27.5,QB,ARINYGSTL,WarnKu00
361,Danny White,6-2,91,1705,2847,1980,1988,28-36,106,91,1705,2847,1142,59.9,21229,152,126,7,5.3,4.4,82.4,233,1997,7.56,7.5,6.53,5.39,12.5,200.3,,61,30,0,11,14,6-2,193,24.8,QB,DAL,WhitDa01
362,David Whitehurst,6-2,37,504,980,1977,1983,22-28,54,37,504,980,476,51.4,6205,28,51,4,2.9,5.2,59.2,99,738,9.18,6.3,4.56,3.46,12.3,114.9,,16,20,1,2,3,6-2,204,26.2,QB,GNB,WhitDa02
363,George Wilson,6-2,7,46,112,1966,1966,23,14,7,46,112,66,41.1,764,5,10,0,4.5,8.9,42.4,15,133,11.81,6.8,3.70,2.21,16.6,54.6,,2,5,0,,,6-2,185,23.8,QB,MIA,WilsGe00
364,Zach Wilson,6-2,33,566,993,2021,2023,22-24,34,33,566,993,427,57.0,6293,23,25,0,2.3,2.5,73.2,113,885,10.22,6.3,5.67,4.29,11.1,185.1,37.0,12,21,0,5,5,6-2,214,27.5,QB,NYJ,WilsZa00
365,David Woodley,6-2,53,687,1300,1980,1985,22-27,58,53,687,1300,613,52.8,8558,48,63,6,3.7,4.8,65.7,84,631,6.07,6.6,5.14,4.37,12.5,147.6,,34,18,1,3,5,6-2,210,27.0,QB,MIAPIT,WoodDa00
366,Randy Wright,6-2,32,602,1119,1984,1988,23-27,46,32,602,1119,517,53.8,7106,31,57,6,2.8,5.1,61.4,85,603,7.06,6.4,4.61,3.79,11.8,154.5,,7,25,0,1,2,6-2,200,25.7,QB,GNB,WrigRa00
367,Steve Young,6-2,143,2667,4149,1985,1999,24-38,169,143,2667,4149,1482,64.3,33124,232,107,4,5.6,2.6,96.8,358,2055,7.94,8.0,7.94,6.85,12.4,196.0,25.9,94,49,0,13,16,6-2,215,27.6,QB,SFOTAM,YounSt00
368,Roy Zimmerman,6-2,43,293,680,1943,1948,25-30,62,43,293,680,387,43.1,4735,44,65,0,6.5,9.6,49.0,,102,,7.0,3.96,,16.2,76.4,,0,0,0,2,1,6-2,201,25.8,QB,BOSDETPHI,ZimmRo20
369,Jim Zorn,6-2,106,1669,3149,1976,1987,23-34,140,106,1669,3149,1480,53.0,21115,111,141,13,3.5,4.5,67.3,213,1585,6.34,6.7,5.40,4.58,12.7,150.8,,44,62,0,9,12,6-2,200,25.7,QB,GNBSEATAM,ZornJi00
370,Pete Beathard,6-1,35,575,1282,1964,1973,22-31,110,35,575,1282,707,44.9,8176,43,84,5,3.4,6.6,49.9,87,801,6.36,6.4,4.10,3.25,14.2,74.3,,18,16,1,2,1,6-1,200,26.4,QB,HOUKANRAMSTL,BeatPe00
371,Jeff Blake,6-1,100,1827,3241,1992,2005,22-35,119,100,1827,3241,1414,56.4,21711,134,99,12,4.1,3.1,78.0,248,1550,7.11,6.7,6.15,5.27,11.9,182.4,41.6,39,61,0,12,16,6-1,223,29.4,QB,ARIBALCHICINNORNYJPHI,BlakJe00
372,David Blough,6-1,7,138,242,2019,2022,24-27,9,7,138,242,104,57.0,1435,6,9,1,2.5,3.7,67.1,21,144,7.98,5.9,4.75,3.83,10.4,159.4,36.5,0,7,0,,,6-1,207,27.3,QB,ARIDET,BlouDa00
373,John Brodie,6-1,158,2469,4491,1957,1973,22-38,201,158,2469,4491,2022,55.0,31548,214,224,13,4.8,5.0,72.3,207,1855,4.66,7.0,5.73,5.19,12.8,157.0,,74,76,8,21,22,6-1,198,26.1,QB,SFO,BrodJo00
374,Mark Brunell,6-1,151,2761,4640,1994,2011,24-41,193,151,2761,4640,1879,59.5,32072,184,108,14,4.0,2.3,84.0,390,2395,7.75,6.9,6.66,5.67,11.6,166.2,43.7,78,73,0,16,22,6-1,215,28.4,QB,GNBJAXNORNYJWAS,BrunMa00
375,Ray Buivid,6-1,6,17,48,1938,1938,23,11,6,17,48,31,35.4,295,5,2,0,10.4,4.2,74.6,,,,6.1,6.35,,17.4,26.8,,0,0,0,0,0,6-1,195,25.7,QB,CHI,BuivRa20
376,Rudy Bukich,6-1,41,626,1190,1953,1968,23-38,103,41,626,1190,564,52.6,8433,61,74,8,5.1,6.2,66.6,88,928,7.59,7.1,5.31,4.72,13.5,81.9,,21,17,3,7,5,6-1,195,25.7,QB,CHIPITRAMWAS,BukiRu00
377,Virgil Carter,6-1,30,425,785,1968,1976,23-31,52,30,425,785,360,54.1,5063,29,31,0,3.7,3.9,69.9,50,388,5.99,6.4,5.41,4.62,11.9,97.4,,16,14,0,1,3,6-1,192,25.3,QB,CHICINSDG,CartVi00
378,Charlie Conerly,6-1,105,1418,2833,1948,1961,27-40,161,105,1418,2833,1415,50.1,19488,173,167,8,6.1,5.9,68.2,24,1642,9.09,6.9,5.45,3.94,13.7,121.0,,57,31,1,15,19,6-1,185,24.4,QB,NYG,ConeCh00
379,Ward Cuff,6-1,7,0,0,1946,1946,34,10,7,0,0,0,,0,0,0,0,,,,,,,,,,,0.0,,0,0,0,0,0,6-1,192,25.3,QB,CRD,CuffWa20
380,Bob Davis,6-1,10,8,18,1944,1944,30,10,10,8,18,10,44.4,88,1,2,0,5.6,11.1,38.4,,,,4.9,1.00,,11.0,8.8,,0,0,0,,,6-1,180,23.7,QB,BOS,DaviBo21
381,Cotton Davidson,6-1,53,770,1752,1954,1968,23-37,111,53,770,1752,982,43.9,11760,73,108,5,4.2,6.2,54.9,110,945,6.13,6.7,4.77,4.11,15.3,105.9,,19,33,1,5,4,6-1,182,24.0,QB,BALDTXOAK,DaviCo00
382,Jim Del Gaizo,6-1,6,44,103,1972,1974,25-27,16,6,44,103,59,42.7,648,4,10,0,3.9,9.7,37.3,9,88,8.04,6.3,2.70,1.70,14.7,40.5,,1,5,0,1,0,6-1,198,26.1,QB,GNBMIANYG,DelGJi00
383,Koy Detmer,6-1,8,184,354,1998,2006,25-33,103,8,184,354,170,52.0,1944,10,14,1,2.8,4.0,61.2,12,77,3.28,5.5,4.28,3.93,10.6,18.9,33.1,3,5,0,,,6-1,195,25.7,QB,PHI,DetmKo00
384,Steve Dils,6-1,27,504,972,1979,1988,24-33,106,27,504,972,468,51.9,5816,27,32,3,2.8,3.3,65.8,80,575,7.60,6.0,5.06,4.13,11.5,54.9,,10,17,0,1,5,6-1,190,25.1,QB,ATLMINRAM,DilsSt00
385,Fred Enke,6-1,25,297,689,1948,1954,24-30,68,25,297,689,392,43.1,4169,31,53,2,4.5,7.7,46.2,,507,,6.1,3.49,,14.0,61.3,,3,6,0,2,3,6-1,208,27.4,QB,BALDETPHI,EnkeFr20
386,Joe Ferguson,6-1,171,2369,4519,1973,1990,23-40,186,171,2369,4519,2150,52.4,29817,196,209,6,4.3,4.6,68.4,312,2710,6.46,6.6,5.38,4.48,12.6,160.3,,79,92,0,20,24,6-1,195,25.7,QB,BUFDETINDTAM,FergJo00
387,Tom Flores,6-1,68,838,1715,1960,1969,23-32,106,68,838,1715,877,48.9,11959,93,92,5,5.4,5.4,67.6,175,1576,9.26,7.0,5.64,4.29,14.3,112.8,,31,33,4,9,8,6-1,202,26.6,QB,BUFKANOAK,FlorTo00
388,John Fourcade,6-1,11,159,313,1987,1990,27-30,24,11,159,313,154,50.8,2312,14,15,0,4.5,4.8,70.1,27,207,7.94,7.4,6.12,5.03,14.5,96.3,,7,4,0,2,3,6-1,208,27.4,QB,NOR,FourJo00
389,Jesse Freitas,6-1,7,98,219,1974,1975,23-24,13,7,98,219,121,44.7,1244,8,13,1,3.7,5.9,50.5,31,214,12.40,5.7,3.74,2.42,12.7,95.7,,2,5,0,1,2,6-1,203,26.8,QB,SDG,FreiJe00
390,Jeff Garcia,6-1,116,2264,3676,1999,2009,29-39,125,116,2264,3676,1412,61.6,25537,161,83,11,4.4,2.3,87.5,181,947,4.69,6.9,6.81,6.24,11.3,204.3,46.2,58,58,0,11,17,6-1,200,26.4,QB,CLEDETPHISFOTAM,GarcJe00
391,David Garrard,6-1,76,1406,2281,2002,2010,24-32,86,76,1406,2281,875,61.6,16003,89,54,4,3.9,2.4,85.8,179,1115,7.28,7.0,6.73,5.79,11.4,186.1,45.6,39,37,0,10,17,6-1,235,31.0,QB,JAX,GarrDa00
392,Bruce Gradkowski,6-1,20,375,709,2006,2014,23-31,37,20,375,709,334,52.9,4057,21,24,1,3.0,3.4,65.8,53,333,6.96,5.7,4.79,4.02,10.8,109.6,36.2,6,14,0,6,7,6-1,217,28.6,QB,CINCLEOAKPITTAM,GradBr00
393,Otto Graham,6-1,114,1464,2626,1946,1955,25-34,126,114,1464,2626,1162,55.8,23584,174,135,7,6.6,5.1,86.6,75,2245,7.80,9.0,7.99,7.64,16.1,187.2,,57,13,1,12,10,6-1,196,25.9,QB,CLE,GrahOt00
394,Bob Griese,6-1,151,1926,3429,1967,1980,22-35,161,151,1926,3429,1503,56.2,25092,192,172,11,5.6,5.0,77.1,335,2930,8.90,7.3,6.18,4.85,13.0,155.9,,92,56,3,15,19,6-1,190,25.1,QB,MIA,GrieBo00
395,Rex Grossman,6-1,47,863,1562,2003,2011,23-31,54,47,863,1562,699,55.2,10232,56,60,5,3.6,3.8,71.4,92,698,5.56,6.6,5.54,4.81,11.9,189.5,41.1,25,22,0,6,9,6-1,225,29.7,QB,CHIHOUWAS,GrosRe00
396,Ralph Guglielmi,6-1,27,292,626,1955,1963,22-30,66,27,292,626,334,46.6,4119,24,52,2,3.8,8.3,46.5,48,918,10.86,6.6,3.61,2.52,14.1,62.4,,8,16,3,2,0,6-1,196,25.9,QB,NYGPHISTLWAS,GuglRa00
397,John Hadl,6-1,166,2363,4687,1962,1977,22-37,224,166,2363,4687,2324,50.4,33503,244,268,13,5.2,5.7,67.4,284,2595,5.71,7.1,5.62,4.77,14.2,149.6,,82,75,9,15,15,6-1,214,28.2,QB,GNBHOURAMSDG,HadlJo00
398,Terry Hanratty,6-1,18,165,431,1969,1976,21-28,50,18,165,431,266,38.3,2510,24,35,2,5.6,8.1,43.0,34,299,7.31,5.8,3.28,2.40,15.2,50.2,,6,12,0,3,2,6-1,210,27.7,QB,PITTAM,HanrTe00
399,Jim Hart,6-1,180,2593,5076,1966,1984,22-40,201,180,2593,5076,2483,51.1,34665,209,247,12,4.1,4.9,66.6,282,2305,5.26,6.8,5.46,4.75,13.4,172.5,,87,88,5,20,23,6-1,215,28.4,QB,STLWAS,HartJi00
400,Taylor Heinicke,6-1,29,604,966,2017,2023,24-30,38,29,604,966,362,62.5,6635,39,28,2,4.0,2.9,84.2,69,506,6.67,6.9,6.37,5.46,11.0,174.6,43.8,13,15,1,5,5,6-1,210,27.7,QB,ATLCARHOUWAS,HeinTa00
401,Devlin Hodges,6-1,6,100,160,2019,2019,23,8,6,100,160,60,62.5,1063,5,8,0,3.1,5.0,71.4,15,102,8.57,6.6,5.02,4.01,10.6,132.9,38.9,3,3,0,0,1,6-1,210,27.7,QB,PIT,HodgDe00
402,Sam Howell,6-1,18,399,631,2022,2023,22-23,18,18,399,631,232,63.2,4115,22,22,4,3.5,3.5,79.0,68,460,9.73,6.5,5.65,4.44,10.3,228.6,42.2,5,13,0,2,2,6-1,220,29.0,QB,WAS,HoweSa00
403,Gary Huff,6-1,28,392,788,1973,1978,22-27,57,28,392,788,396,49.7,4329,16,50,3,2.0,6.3,46.8,82,812,9.43,5.5,3.04,1.82,11.0,75.9,,7,21,0,1,1,6-1,195,25.7,QB,CHITAM,HuffGa00
404,Tyler Huntley,6-1,9,221,342,2020,2023,22-25,20,9,221,342,121,64.6,1957,8,7,0,2.3,2.0,79.0,29,169,7.82,5.7,5.27,4.40,8.9,97.9,41.5,3,6,0,2,2,6-1,204,26.9,QB,BAL,HuntTy01
405,Jalen Hurts,6-1,51,1000,1578,2020,2023,22-25,62,51,1000,1578,578,63.4,11764,67,34,4,4.2,2.2,91.1,113,662,6.68,7.5,7.33,6.45,11.8,189.7,45.1,34,17,0,6,8,6-1,223,29.4,QB,PHI,HurtJa00
406,Jack Jacobs,6-1,16,190,426,1947,1948,28-29,24,16,190,426,236,44.6,2463,21,38,0,4.9,8.9,42.6,,273,,5.8,2.75,,13.0,102.6,,0,0,0,1,1,6-1,186,24.5,QB,GNB,JacoJa20
407,Charley Johnson,6-1,124,1737,3392,1961,1975,23-37,165,124,1737,3392,1655,51.2,24410,170,181,12,5.0,5.3,69.2,260,2186,7.12,7.2,5.80,4.79,14.1,147.9,,59,57,8,19,17,6-1,200,26.4,QB,DENHOUSTL,JohnCh02
408,Case Keenum,6-1,66,1392,2233,2013,2023,25-35,80,66,1392,2233,841,62.3,15175,79,51,6,3.5,2.3,84.6,131,989,5.54,6.8,6.48,5.70,10.9,189.7,44.6,30,36,0,7,11,6-1,206,27.2,QB,BUFCLEDENHOULARMINSTLWAS,KeenCa00
409,Jack Kemp,6-1,105,1436,3073,1957,1969,22-34,122,105,1436,3073,1637,46.7,21218,114,183,9,3.7,6.0,57.3,214,2030,6.55,6.9,4.97,4.06,14.8,173.9,,65,37,3,11,11,6-1,201,26.5,QB,BUFLACPITSDG,KempJa00
410,Cody Kessler,6-1,12,224,349,2016,2018,23-25,17,12,224,349,125,64.2,2215,8,5,0,2.3,1.4,83.7,49,337,12.31,6.3,6.16,4.56,9.9,130.3,42.5,2,10,0,,,6-1,215,28.4,QB,CLEJAX,KessCo00
411,Shaun King,6-1,24,415,738,1999,2004,22-27,34,24,415,738,323,56.2,4566,27,24,2,3.7,3.3,73.4,61,419,7.63,6.2,5.46,4.51,11.0,134.3,40.2,14,10,0,4,5,6-1,228,30.1,QB,ARITAM,KingSh00
412,Erik Kramer,6-1,67,1317,2299,1987,1999,23-35,83,67,1317,2299,982,57.3,15337,92,79,4,4.0,3.4,76.6,122,788,5.04,6.7,5.93,5.30,11.6,184.8,32.7,31,36,0,11,14,6-1,200,26.4,QB,ATLCHIDETSDG,KramEr00
413,Dave Krieg,6-1,175,3105,5311,1980,1998,22-40,213,175,3105,5311,2206,58.5,38147,261,199,12,4.9,3.7,81.5,494,3794,8.51,7.2,6.48,5.27,12.3,179.1,8.8,98,77,0,23,25,6-1,193,25.5,QB,ARICHIDETKANSEATEN,KrieDa00
414,Mike Kruczek,6-1,7,93,154,1976,1980,23-27,36,7,93,154,61,60.4,1185,0,8,1,0.0,5.2,62.8,23,222,12.99,7.7,5.36,3.41,12.7,32.9,,6,1,0,,,6-1,202,26.6,QB,PITWAS,KrucMi00
415,Bobby Layne,6-1,144,1798,3648,1949,1962,23-36,164,144,1798,3648,1850,49.3,26536,193,241,5,5.3,6.6,63.6,36,1829,5.74,7.3,5.36,4.44,14.8,161.8,,80,48,4,18,19,6-1,201,26.5,QB,DETNYBPIT,LaynBo00
416,Jacky Lee,6-1,23,430,838,1960,1969,21-30,100,23,430,838,408,51.3,6191,46,57,5,5.5,6.8,65.6,73,714,8.18,7.4,5.42,4.26,14.4,61.9,,7,15,1,1,0,6-1,189,24.9,QB,DENHOUKAN,LeexJa00
417,Gary Marangi,6-1,7,104,283,1974,1976,22-24,19,7,104,283,179,36.7,1373,12,21,0,4.2,7.4,36.1,25,182,8.12,4.9,2.36,1.58,13.2,72.3,,0,7,0,,,6-1,201,26.5,QB,BUF,MaraGa00
418,Baker Mayfield,6-1,86,1750,2825,2018,2023,23-28,89,86,1750,2825,1075,61.9,20332,130,74,5,4.6,2.6,88.1,210,1338,6.92,7.2,6.94,6.02,11.6,228.4,44.4,40,46,0,8,10,6-1,215,28.4,QB,CARCLELARTAM,MayfBa00
419,Colt McCoy,6-1,36,764,1220,2010,2022,24-36,56,36,764,1220,456,62.6,7975,34,32,1,2.8,2.6,79.9,113,701,8.48,6.5,5.91,4.89,10.4,142.4,42.2,11,25,0,2,5,6-1,212,28.0,QB,ARICLENYGSFOWAS,McCoCo00
420,John McCormick,6-1,15,214,555,1962,1968,25-31,51,15,214,555,341,38.6,2895,17,38,3,3.1,6.8,37.6,33,345,5.61,5.2,2.75,2.01,13.5,56.8,,5,10,0,3,3,6-1,208,27.4,QB,DENMIN,McCoJo00
421,Matt McGloin,6-1,7,161,277,2013,2016,24-27,13,7,161,277,116,58.1,1868,11,11,1,4.0,4.0,75.3,9,81,3.15,6.7,5.75,5.29,11.6,143.7,41.6,1,6,0,,,6-1,210,27.7,QB,OAK,McGlMa01
422,Lamar McHan,6-1,70,610,1442,1954,1963,22-31,113,70,610,1442,832,42.3,9449,73,108,4,5.1,7.5,50.3,23,893,7.08,6.6,4.19,2.96,15.5,83.6,,24,44,2,6,6,6-1,201,26.5,QB,BALCRDGNBSFO,McHaLa00
423,Jim McMahon,6-1,97,1492,2573,1982,1996,23-37,119,97,1492,2573,1081,58.0,18148,100,90,7,3.9,3.5,78.2,226,1344,8.07,7.1,6.26,5.27,12.2,152.5,0.8,67,30,0,11,14,6-1,195,25.7,QB,ARICHIGNBMINPHISDG,McMaJi00
424,Cade McNown,6-1,15,281,515,1999,2000,22-23,25,15,281,515,234,54.6,3111,16,19,0,3.1,3.7,67.7,45,263,8.04,6.0,5.00,4.13,11.1,124.4,37.1,3,12,0,0,1,6-1,208,27.4,QB,CHI,McNoCa00
425,Gardner Minshew II,6-1,37,891,1423,2019,2023,23-27,49,37,891,1423,532,62.6,9937,59,24,1,4.1,1.7,90.2,105,577,6.87,7.0,7.05,6.19,11.2,202.8,43.4,15,22,0,6,6,6-1,225,29.7,QB,INDJAXPHI,MinsGa00
426,Earl Morrall,6-1,102,1379,2689,1956,1976,22-42,255,102,1379,2689,1310,51.3,20809,161,148,9,6.0,5.5,74.1,197,2182,8.55,7.7,6.46,5.53,15.1,81.6,,63,36,3,14,11,6-1,205,27.0,QB,BALDETMIANYGPITSFO,MorrEa00
427,Jim Ninowski,6-1,31,513,1048,1958,1969,22-33,89,31,513,1048,535,49.0,7133,34,67,4,3.2,6.4,55.4,81,874,7.35,6.8,4.58,3.58,13.9,80.1,,15,15,1,1,2,6-1,206,27.2,QB,CLEDETNORWAS,NinoJi00
428,Tom Owen,6-1,9,170,349,1974,1981,22-29,26,9,170,349,179,48.7,2300,14,26,0,4.0,7.4,52.5,40,341,10.28,6.6,4.04,2.75,13.5,88.5,,4,5,0,1,1,6-1,195,25.7,QB,NWESFO,OwenTo00
429,Don Panciera,6-1,13,86,246,1949,1952,22-25,22,13,86,246,160,35.0,1383,10,25,0,4.1,10.2,28.6,20,264,11.76,5.6,1.86,0.14,16.1,62.9,,0,1,0,,,6-1,192,25.3,QB,CRDNYY,PancDo20
430,Babe Parilli,6-1,101,1552,3330,1952,1969,22-39,189,101,1552,3330,1778,46.6,22681,178,220,20,5.3,6.6,59.6,178,2132,6.23,6.8,4.91,4.47,14.6,120.0,,49,45,7,17,13,6-1,196,25.9,QB,BOSCLEGNBNYJOAK,PariBa00
431,Milt Plum,6-1,103,1306,2419,1957,1969,22-34,129,103,1306,2419,1113,54.0,17536,122,127,8,5.0,5.3,72.2,116,1711,5.79,7.2,5.90,4.63,13.4,135.9,,56,41,6,8,9,6-1,205,27.0,QB,CLEDETNYGRAM,PlumMi00
432,Marion Pugh,6-1,10,55,118,1946,1946,27,14,10,55,118,63,46.6,608,5,12,0,4.2,10.2,36.9,,,,5.2,1.42,,11.1,43.4,,0,0,0,,,6-1,187,24.7,QB,MIA,PughMa20
433,Brock Purdy,6-1,21,422,614,2022,2023,23-24,25,21,422,614,192,68.7,5654,44,15,1,7.2,2.4,111.4,39,237,5.97,9.2,9.54,8.61,13.4,226.2,53.4,17,4,0,1,1,6-1,220,29.0,QB,SFO,PurdBr00
434,Joe Reed,6-1,19,225,513,1972,1979,24-31,50,19,225,513,288,43.9,2825,18,31,0,3.5,6.0,48.1,59,420,10.31,5.5,3.49,2.40,12.6,56.5,,9,10,0,1,3,6-1,195,25.7,QB,DETSFO,ReedJo00
435,Steve Romanik,6-1,14,179,433,1950,1954,26-30,38,14,179,433,254,41.3,2556,13,36,0,3.0,8.3,36.5,,308,,5.9,2.76,,14.3,67.3,,6,8,0,1,1,6-1,190,25.1,QB,CHICRD,RomaSt00
436,Jim Root,6-1,8,108,249,1953,1956,22-25,20,8,108,249,141,43.4,1482,11,16,0,4.4,6.4,51.0,,231,,6.0,3.94,,13.7,74.1,,1,6,1,,,6-1,185,24.4,QB,CRD,RootJi20
437,Jeff Rutledge,6-1,10,274,526,1979,1992,22-35,117,10,274,526,252,52.1,3628,16,29,1,3.0,5.5,61.4,52,404,9.00,6.9,5.02,3.87,13.2,31.0,,2,7,1,4,5,6-1,195,25.7,QB,NYGRAMWAS,RutlJe00
438,Turk Schonert,6-1,12,311,504,1981,1989,24-32,72,12,311,504,193,61.7,3788,11,20,4,2.2,4.0,75.6,64,536,11.27,7.5,6.17,4.53,12.2,52.6,,7,5,0,3,3,6-1,191,25.2,QB,ATLCIN,SchoTu00
439,Bobby Scott,6-1,14,237,500,1973,1981,24-32,41,14,237,500,263,47.4,2781,15,28,3,3.0,5.6,51.4,51,421,9.26,5.6,3.64,2.54,11.7,67.8,,4,10,0,2,2,6-1,201,26.5,QB,NOR,ScotBo00
440,George Shaw,6-1,31,405,802,1955,1962,22-29,71,31,405,802,397,50.5,5829,41,63,3,5.1,7.9,58.8,23,474,6.07,7.3,4.76,3.48,14.4,82.1,,12,17,2,1,1,6-1,183,24.1,QB,BALDENMINNYG,ShawGe00
441,Brian Sipe,6-1,112,1944,3439,1974,1983,25-34,125,112,1944,3439,1495,56.5,23713,154,149,7,4.5,4.3,74.8,224,1889,6.12,6.9,5.84,4.97,12.2,189.7,,57,55,0,17,23,6-1,195,25.7,QB,CLE,SipeBr00
442,Bart Starr,6-1,157,1808,3149,1956,1971,22-37,196,157,1808,3149,1341,57.4,24718,152,138,8,4.8,4.4,80.5,287,2960,9.94,7.8,6.84,5.69,13.7,126.1,,94,57,6,18,17,6-1,197,26.0,QB,GNB,StarBa00
443,Kordell Stewart,6-1,87,1316,2358,1995,2005,23-33,125,87,1316,2358,1042,55.8,14746,77,84,7,3.3,3.6,70.7,170,1048,6.72,6.3,5.30,4.53,11.2,118.0,40.2,48,34,0,9,14,6-1,218,28.8,QB,BALCHIPIT,StewKo00
444,Karl Sweetan,6-1,19,269,590,1966,1970,24-28,36,19,269,590,321,45.6,3210,17,34,2,2.9,5.8,48.3,48,384,7.52,5.4,3.42,2.56,11.9,89.2,,6,10,3,1,0,6-1,203,26.8,QB,DETNORRAM,SweeKa00
445,Tua Tagovailoa,6-1,51,1096,1638,2020,2023,22-25,53,51,1096,1638,542,66.9,12639,81,37,4,4.9,2.3,97.1,90,622,5.21,7.7,7.69,6.93,11.5,238.5,49.9,32,19,0,6,8,6-1,227,29.9,QB,MIA,TagoTu00
446,Tyrod Taylor,6-1,58,1068,1730,2011,2023,22-34,92,58,1068,1730,662,61.7,12135,65,29,2,3.8,1.7,88.3,177,1006,9.28,7.0,7.01,5.83,11.4,131.9,42.1,28,28,1,5,6,6-1,217,28.6,QB,BALBUFCLEHOULACNYG,TaylTy00
447,Bobby Thomason,6-1,44,681,1334,1951,1957,23-29,79,44,681,1334,653,51.0,9430,68,89,3,5.1,6.7,63.3,,892,,7.1,5.09,,13.8,119.4,,18,24,2,4,5,6-1,196,25.9,QB,GNBPHI,ThomBo02
448,Tommy Thompson,6-1,41,651,1265,1941,1950,25-34,70,41,651,1265,614,51.5,9349,84,89,1,6.6,7.0,68.6,,415,,7.4,5.55,,14.4,133.6,,6,6,0,2,5,6-1,192,25.3,QB,PHI,ThomTo21
449,Billy Joe Tolliver,6-1,47,891,1707,1989,1999,23-33,79,47,891,1707,816,52.2,10760,59,64,5,3.5,3.7,67.7,125,877,6.82,6.3,5.31,4.47,12.1,136.2,18.2,15,32,0,5,5,6-1,217,28.6,QB,ATLHOUKANNORSDG,TollBi00
450,Mike Tomczak,6-1,73,1248,2337,1985,1999,23-37,185,73,1248,2337,1089,53.4,16079,88,106,6,3.8,4.5,68.9,114,809,4.65,6.9,5.59,5.00,12.9,86.9,16.9,42,31,0,6,12,6-1,202,26.6,QB,CHICLEGNBPIT,TomcMi00
451,Don Trull,6-1,18,276,637,1964,1969,23-28,77,18,276,637,361,43.3,3980,30,28,5,4.7,4.4,61.6,80,694,11.16,6.2,5.21,3.66,14.4,51.7,,4,12,2,2,2,6-1,195,25.7,QB,BOSHOU,TrulDo00
452,Johnny Unitas,6-1,185,2830,5186,1956,1973,23-40,211,185,2830,5186,2356,54.6,40239,290,253,17,5.6,4.9,78.2,307,3090,7.03,7.8,6.68,5.46,14.2,190.7,,118,63,4,34,38,6-1,194,25.6,QB,BALSDG,UnitJo00
453,Norm Van Brocklin,6-1,101,1521,2837,1950,1960,24-34,132,101,1521,2837,1316,53.6,23010,167,176,8,5.9,6.2,74.3,10,860,3.40,8.1,6.50,7.11,15.1,174.3,,61,36,4,17,16,6-1,190,25.1,QB,PHIRAM,VanBNo00
454,Alex Van Pelt,6-1,11,262,477,1995,2003,25-33,31,11,262,477,215,54.9,2985,16,24,1,3.4,5.0,64.1,19,113,3.83,6.3,4.66,4.26,11.4,96.3,38.7,3,8,0,1,3,6-1,220,29.0,QB,BUF,VanPAl00
455,Bob Waterfield,6-1,57,814,1617,1945,1952,25-32,91,57,814,1617,803,50.3,11849,97,128,5,6.0,7.9,61.6,,255,,7.3,4.97,,14.6,130.2,,14,8,0,7,6,6-1,200,26.4,QB,RAM,WateBo01
456,Norris Weese,6-1,7,143,251,1976,1979,25-28,57,7,143,251,108,57.0,1887,7,14,0,2.8,5.6,66.9,36,240,12.54,7.5,5.57,4.03,13.2,33.1,,5,2,0,1,2,6-1,195,25.7,QB,DEN,WeesNo00
457,Bob Williams,6-1,7,74,160,1951,1955,21-25,29,7,74,160,86,46.3,981,10,12,0,6.3,7.5,55.8,,204,,6.1,4.01,,13.3,33.8,,3,4,0,,,6-1,197,26.0,QB,CHI,WillBo20
458,Anthony Wright,6-1,19,332,605,2000,2007,24-31,31,19,332,605,273,54.9,3590,20,25,3,3.3,4.1,66.3,55,394,8.33,5.9,4.74,3.74,10.8,115.8,35.5,8,11,0,3,3,6-1,211,27.8,QB,BALCINDALNYG,WrigAn00
459,Danny Wuerffel,6-1,10,184,350,1997,2002,23-28,25,10,184,350,166,52.6,2123,12,22,4,3.4,6.3,56.4,57,362,14.00,6.1,3.92,2.48,11.5,84.9,33.7,4,6,0,2,2,6-1,212,28.0,QB,CHIGNBNORWAS,WuerDa00
460,Bailey Zappe,6-1,8,192,304,2022,2023,23-24,14,8,192,304,112,63.2,2053,11,12,1,3.6,3.9,78.5,31,231,9.25,6.8,5.70,4.48,10.7,146.6,38.8,4,4,0,0,1,6-1,215,28.4,QB,NWE,ZappBa00
461,Eric Zeier,6-1,12,301,537,1995,2000,23-28,28,12,301,537,236,56.1,3520,16,15,1,3.0,2.8,74.4,59,389,9.90,6.6,5.89,4.66,11.7,125.7,35.6,4,8,0,1,2,6-1,214,28.2,QB,BALCLETAM,ZeieEr00
462,Tony Adams,6-0,10,212,408,1975,1987,25-37,53,10,212,408,196,52.0,2733,12,27,4,2.9,6.6,55.5,59,447,12.63,6.7,4.31,2.81,12.9,51.6,,1,9,0,0,0,6-0,198,26.9,QB,KANMIN,AdamTo00
463,Len Barnum,6-0,8,19,55,1941,1941,29,11,8,19,55,36,34.5,260,0,10,0,0.0,18.2,11.0,,,,4.7,-3.45,,13.7,23.6,,0,0,0,,,6-0,200,27.1,QB,PHI,BarnLe21
464,Brooks Bollinger,6-0,10,211,360,2004,2008,25-29,21,10,211,360,149,58.6,2226,9,9,1,2.5,2.5,74.6,49,301,11.98,6.2,5.56,4.16,10.5,106.0,39.6,2,8,0,2,1,6-0,205,27.8,QB,DALMINNYJ,BollBr00
465,Drew Brees,6-0,286,7142,10551,2001,2020,22-41,287,286,7142,10551,3409,67.7,80358,571,243,27,5.4,2.3,98.7,420,2991,3.83,7.6,7.66,7.10,11.3,280.0,51.2,172,114,0,36,53,6-0,209,28.3,QB,NORSDG,BreeDr00
466,Dieter Brock,6-0,15,218,365,1985,1985,34,15,15,218,365,147,59.7,2658,16,13,1,4.4,3.6,82.0,51,351,12.26,7.3,6.56,4.91,12.2,177.2,,11,4,0,2,1,6-0,195,26.4,QB,RAM,BrocDi00
467,Scott Campbell,6-0,13,224,454,1984,1990,22-28,45,13,224,454,230,49.3,2983,19,25,2,4.2,5.5,61.6,46,307,9.20,6.6,4.93,3.86,13.3,66.3,,2,11,0,2,2,6-0,196,26.6,QB,ATLPIT,CampSc00
468,Paul Christman,6-0,23,504,1140,1945,1950,27-32,61,23,504,1140,636,44.2,7294,58,76,3,5.1,6.7,54.8,,415,,6.4,4.42,,14.5,119.6,,0,0,0,4,4,6-0,210,28.5,QB,CRDGNB,ChriPa20
469,Gary Cuozzo,6-0,40,584,1182,1963,1972,22-31,82,40,584,1182,598,49.4,7402,43,55,1,3.6,4.7,62.1,114,854,8.80,6.3,4.90,3.81,12.7,90.3,,21,19,0,4,5,6-0,195,26.4,QB,BALMINNORSTL,CuozGa00
470,Len Dawson,6-0,159,2136,3741,1957,1975,22-40,211,159,2136,3741,1605,57.1,28711,239,183,15,6.4,4.9,82.6,376,3428,9.17,7.7,6.75,5.33,13.4,136.1,,94,57,8,15,16,6-0,190,25.8,QB,CLEDTXKANPIT,DawsLe00
471,Ty Detmer,6-0,25,546,946,1993,2003,26-36,54,25,546,946,400,57.7,6351,34,35,6,3.6,3.7,74.7,67,386,6.61,6.7,5.77,5.00,11.6,117.6,43.1,11,14,0,5,6,6-0,189,25.6,QB,CLEDETGNBPHISFO,DetmTy00
472,Al Dorow,6-0,45,572,1207,1954,1962,25-33,69,45,572,1207,635,47.4,7708,64,93,4,5.3,7.7,53.8,77,922,7.81,6.4,3.98,3.22,13.5,111.7,,19,26,0,5,5,6-0,193,26.2,QB,BUFNYTPHIWAS,DoroAl00
473,Harry Gilmer,6-0,13,228,509,1949,1956,23-30,51,13,228,509,281,44.8,3144,19,40,2,3.7,7.9,44.8,,363,,6.2,3.39,,13.8,61.6,,0,10,0,,,6-0,169,22.9,QB,DETWAS,GilmHa00
474,Jim Hardy,6-0,21,376,791,1948,1952,25-29,51,21,376,791,415,47.5,5017,47,59,2,5.9,7.5,56.9,,501,,6.3,4.17,,13.3,98.4,,4,9,0,1,2,6-0,180,24.4,QB,CRDDETRAM,HardJi00
475,Don Heinrich,6-0,34,164,406,1954,1962,24-32,56,34,164,406,242,40.4,2287,17,23,0,4.2,5.7,49.6,7,157,7.22,5.6,3.92,3.19,13.9,40.8,,20,12,2,,,6-0,182,24.7,QB,DALNYGOAK,HeinDo00
476,Jeff Kemp,6-0,29,479,916,1981,1991,22-32,96,29,479,916,437,52.3,6230,39,40,1,4.3,4.4,70.0,68,469,6.91,6.8,5.69,4.82,13.0,64.9,,16,12,1,4,5,6-0,201,27.3,QB,PHIRAMSEASFO,KempJe00
477,Billy Kilmer,6-0,113,1569,2957,1961,1978,22-39,148,113,1569,2957,1388,53.1,20212,150,142,7,5.1,4.8,71.7,212,1593,6.69,6.8,5.69,4.81,12.9,136.6,,61,51,1,14,16,6-0,204,27.7,QB,NORSFOWAS,KilmBi00
478,Thaddeus Lewis,6-0,6,115,189,2012,2013,27-28,7,6,115,189,74,60.8,1296,5,4,0,2.6,2.1,81.4,21,114,10.00,6.9,6.43,5.25,11.3,185.1,41.0,2,4,0,1,1,6-0,200,27.1,QB,BUFCLE,LewiTh01
479,Johnny Long,6-0,6,9,14,1944,1944,30,9,6,9,14,5,64.3,128,1,1,0,7.1,7.1,87.8,,,,9.1,7.36,,14.2,14.2,,0,0,0,0,0,6-0,186,25.2,QB,CHI,LongJo20
480,Sid Luckman,6-0,52,859,1643,1940,1950,24-34,106,52,859,1643,784,52.3,13850,131,125,0,8.0,7.6,75.7,,208,,8.4,6.60,,16.1,130.7,,0,0,0,3,4,6-0,197,26.7,QB,CHI,LuckSi00
481,Johnny Lujack,6-0,29,368,742,1949,1951,24-26,36,29,368,742,374,49.6,5684,35,51,2,4.7,6.9,62.4,,242,,7.7,5.51,,15.4,157.9,,13,5,0,0,1,6-0,186,25.2,QB,CHI,LujaJo00
482,Johnny Manziel,6-0,8,147,258,2014,2015,22-23,14,8,147,258,111,57.0,1675,7,7,0,2.7,2.7,74.4,22,167,7.86,6.5,5.81,4.76,11.4,119.6,39.6,2,6,0,,,6-0,207,28.1,QB,CLE,ManzJo00
483,George Mira,6-0,8,148,346,1964,1971,22-29,60,8,148,346,198,42.8,2110,19,20,3,5.5,5.8,57.4,38,319,9.90,6.1,4.60,3.31,14.3,35.2,,5,3,0,,,6-0,190,25.8,QB,MIAPHISFO,MiraGe00
484,Nick Mullens,6-0,20,528,803,2018,2023,23-28,29,20,528,803,275,65.8,6391,34,31,4,4.2,3.9,88.1,48,371,5.64,8.0,7.07,6.23,12.1,220.4,48.1,5,15,0,1,3,6-0,210,28.5,QB,CLEMINSFO,MullNi00
485,Bill Nelsen,6-0,74,963,1905,1963,1972,22-31,90,74,963,1905,942,50.6,14165,98,101,10,5.1,5.3,70.2,146,1314,7.12,7.4,6.08,5.01,14.7,157.4,,40,31,3,8,8,6-0,195,26.4,QB,CLEPIT,NelsBi00
486,Rodney Peete,6-0,87,1344,2346,1989,2004,23-38,104,87,1344,2346,1002,57.3,16338,76,92,7,3.2,3.9,73.3,244,1372,9.42,7.0,5.85,4.77,12.2,157.1,21.5,45,42,0,9,14,6-0,230,31.2,QB,CARDALDETOAKPHIWAS,PeetRo00
487,Dick Poillon,6-0,10,0,0,1947,1947,27,12,10,0,0,0,,0,0,0,0,,,,,,,,,,,0.0,,0,0,0,,,6-0,193,26.2,QB,WAS,PoilDi20
488,Mike Rae,6-0,8,124,249,1976,1979,25-28,28,8,124,249,125,49.8,1536,12,14,1,4.8,5.6,61.9,59,478,19.16,6.2,4.60,2.17,12.4,54.9,,4,4,0,1,1,6-0,193,26.2,QB,OAKTAM,RaexMi00
489,George Ratterman,6-0,46,737,1396,1947,1956,21-30,92,46,737,1396,659,52.8,10473,91,96,2,6.5,6.9,70.4,29,572,3.37,7.5,5.71,5.19,14.2,113.8,,9,8,1,3,3,6-0,192,26.0,QB,BUFCLENYY,RattGe00
490,Tim Rattay,6-0,18,432,714,2000,2007,23-30,40,18,432,714,282,60.5,4853,31,23,2,4.3,3.2,81.9,63,372,8.11,6.8,6.22,5.23,11.2,121.3,43.8,5,13,0,1,1,6-0,200,27.1,QB,ARISFOTAM,RattTi00
491,M.C. Reynolds,6-0,9,222,450,1958,1962,23-27,40,9,222,450,228,49.3,2932,17,28,4,3.8,6.2,57.0,25,319,10.37,6.5,4.47,1.27,13.2,73.3,,3,6,0,0,0,6-0,193,26.2,QB,BUFCRDOAKWAS,ReynM.00
492,Jerry Rhome,6-0,7,139,280,1965,1971,23-29,71,7,139,280,141,49.6,1628,7,14,2,2.5,5.0,55.2,29,230,9.39,5.8,4.06,2.94,11.7,22.9,,1,5,1,1,1,6-0,190,25.8,QB,CLEDALHOURAM,RhomJe00
493,Tom Sherman,6-0,7,92,228,1968,1969,23-24,19,7,92,228,136,40.4,1219,13,16,1,5.7,7.0,47.8,19,190,7.69,5.3,3.33,2.30,13.3,64.2,,1,6,0,0,0,6-0,190,25.8,QB,BOSBUF,SherTo00
494,Dick Shiner,6-0,29,354,736,1964,1974,22-32,99,29,354,736,382,48.1,4801,36,43,5,4.9,5.8,61.3,94,718,11.33,6.5,4.87,3.46,13.6,48.5,,7,21,1,2,2,6-0,201,27.3,QB,ATLCLENWENYGPITWAS,ShinDi00
495,Troy Smith,6-0,8,121,234,2007,2010,23-26,20,8,121,234,113,51.7,1734,8,5,0,3.4,2.1,78.5,23,142,8.95,7.4,7.13,5.94,14.3,86.7,38.5,4,4,0,2,2,6-0,225,30.5,QB,BALSFO,SmitTr02
496,Bob Snyder,6-0,7,7,26,1943,1943,30,10,7,7,26,19,26.9,116,0,4,0,0.0,15.4,6.1,,,,4.5,-2.46,,16.6,11.6,,0,0,0,,,6-0,200,27.1,QB,CHI,SnydBo20
497,Fran Tarkenton,6-0,239,3686,6467,1961,1978,21-38,246,239,3686,6467,2781,57.0,47003,342,266,12,5.3,4.1,80.4,570,5207,8.10,7.3,6.47,5.21,12.8,191.1,,124,109,6,29,33,6-0,190,25.8,QB,MINNYG,TarkFr00
498,Joe Theismann,6-0,124,2044,3602,1974,1985,25-36,167,124,2044,3602,1558,56.7,25206,160,138,5,4.4,3.8,77.4,340,2757,8.63,7.0,6.16,4.93,12.3,150.9,,77,47,0,18,22,6-0,192,26.0,QB,WAS,TheiJo00
499,Y.A. Tittle,6-0,152,2427,4395,1948,1964,22-38,204,152,2427,4395,1968,55.2,33070,242,248,9,5.5,5.6,74.3,167,3571,7.66,7.5,6.09,5.82,13.6,162.1,,78,50,5,24,23,6-0,192,26.0,QB,BCLNYGSFO,TittY.00
500,Charley Trippi,6-0,17,172,372,1951,1952,30-31,23,17,172,372,200,46.2,2081,13,26,0,3.5,7.0,46.4,,397,,5.6,3.15,,12.1,90.5,,5,12,0,2,2,6-0,186,25.2,QB,CRD,TripCh00
501,Michael Vick,6-0,115,1807,3217,2001,2015,21-35,143,115,1807,3217,1410,56.2,22464,133,88,6,4.1,2.7,80.4,316,1879,8.94,7.0,6.58,5.46,12.4,157.1,40.5,61,51,1,14,15,6-0,210,28.5,QB,ATLNYJPHIPIT,VickMi00
502,Bob Berry,5-11,52,661,1173,1965,1975,23-33,78,52,661,1173,512,56.4,9197,64,64,4,5.5,5.5,77.2,193,1393,14.13,7.8,6.48,4.54,13.9,117.9,,20,29,3,4,5,5-11,185,25.8,QB,ATLMIN,BerrBo00
503,Al Dekdebrun,5-11,13,76,147,1946,1947,25-26,26,13,76,147,71,51.7,1143,14,16,0,9.5,10.9,69.7,11,97,11.96,7.8,4.78,3.14,15.0,44.0,,0,0,0,,,5-11,185,25.8,QB,BUFCHR,DekdAl20
504,Paddy Driscoll,5-11,14,0,0,1920,1921,25-26,17,14,0,0,0,,0,1,0,0,,,,,,,,,,,0.0,,0,0,0,0,0,5-11,160,22.3,QB,CRD,DrisPa20
505,Sam Etcheverry,5-11,13,154,302,1961,1962,31-32,28,13,154,302,148,51.0,1982,16,21,0,5.3,7.0,60.6,53,404,14.93,6.6,4.49,2.68,12.9,70.8,,5,8,0,2,3,5-11,190,26.5,QB,STL,EtchSa00
506,Jim Finks,5-11,45,618,1278,1952,1955,25-28,47,45,618,1278,660,48.4,8064,52,78,7,4.1,6.1,56.8,,544,,6.3,4.38,,13.0,171.6,,18,27,0,6,7,5-11,180,25.1,QB,PIT,FinkJi00
507,Jug Girard,5-11,10,62,175,1949,1949,22,12,10,62,175,113,35.4,881,4,12,0,2.3,6.9,31.6,,193,,5.0,2.41,,14.2,73.4,,0,0,0,,,5-11,176,24.5,QB,GNB,GiraJu20
508,Pat Haden,5-11,55,731,1363,1976,1981,23-28,65,55,731,1363,632,53.6,9296,52,60,1,3.8,4.4,69.6,115,888,7.78,6.8,5.60,4.57,12.7,143.0,,35,19,1,5,8,5-11,182,25.4,QB,RAM,HadePa00
509,Edd Hargett,5-11,8,205,437,1969,1973,22-26,49,8,205,437,232,46.9,2727,11,10,1,2.5,2.3,66.0,22,163,4.79,6.2,5.71,5.08,13.3,55.7,,1,6,1,3,2,5-11,185,25.8,QB,HOUNOR,HargEd00
510,Arnie Horween,5-11,21,0,0,1922,1924,24-26,29,21,0,0,0,,0,0,0,0,,,,,,,,,,,0.0,,0,0,0,0,0,5-11,206,28.7,QB,CRD,HorwAr20
511,Sonny Jurgensen,5-11,147,2433,4262,1957,1974,23-40,218,147,2433,4262,1829,57.1,32224,255,189,15,6.0,4.4,82.6,294,2541,6.59,7.6,6.76,5.81,13.2,147.8,,69,71,7,18,14,5-11,202,28.2,QB,PHIWAS,JurgSo00
512,Gary Kerkorian,5-11,10,139,259,1952,1956,22-26,32,10,139,259,120,53.7,1862,12,18,0,4.6,6.9,63.2,,395,,7.2,4.99,,13.4,58.2,,3,7,0,1,1,5-11,185,25.8,QB,BALPIT,KerkGa20
513,Clyde LeForce,5-11,6,197,388,1947,1949,24-26,32,6,197,388,191,50.8,2961,25,37,0,6.4,9.5,58.1,,393,,7.6,4.63,,15.0,92.5,,0,0,0,,,5-11,176,24.5,QB,DET,LeFoCl20
514,Tommy O'Connell,5-11,21,204,423,1953,1961,23-31,45,21,204,423,219,48.2,3261,21,34,1,5.0,8.0,57.5,7,165,4.46,7.7,5.09,3.18,16.0,72.5,,11,8,2,1,2,5-11,187,26.1,QB,BUFCHICLE,OConTo00
515,Charlie O'Rourke,5-11,18,231,448,1942,1947,25-30,39,18,231,448,217,51.6,3650,36,46,0,8.0,10.3,66.2,11,85,5.82,8.1,5.13,4.78,15.8,93.6,,0,0,0,,,5-11,175,24.4,QB,CHILAD,ORouCh20
516,Walt Rankin,5-11,16,0,0,1943,1944,24-25,20,16,0,0,0,,0,0,0,0,,,,,,,,,,,0.0,,0,0,0,,,5-11,197,27.5,QB,CRD,RankWa20
517,Frank Reagan,5-11,6,0,0,1948,1948,29,11,6,0,0,0,,0,0,0,0,,,,,,,,,,,0.0,,0,0,0,,,5-11,182,25.4,QB,NYG,ReagFr20
518,George Taliaferro,5-11,11,15,55,1953,1953,26,11,11,15,55,40,27.3,211,2,5,1,3.6,9.1,17.3,,87,,3.8,0.47,,14.1,19.2,,0,3,0,,,5-11,196,27.3,LH/QB,BAL,TaliGe00
519,Dick Todd,5-11,7,0,0,1947,1947,33,11,7,0,0,0,,0,0,0,0,,,,,,,,,,,0.0,,0,0,0,,,5-11,172,24.0,QB,WAS,ToddDi20
520,Sam Vacanti,5-11,13,107,252,1947,1949,25-27,25,13,107,252,145,42.5,1705,16,17,0,6.3,6.7,58.7,14,123,5.26,6.8,5.00,4.27,15.9,68.2,,0,0,0,,,5-11,203,28.3,QB,BCLCHR,VacaSa20
521,P.J. Walker,5-11,9,185,339,2020,2023,25-28,21,9,185,339,154,54.6,2135,6,16,1,1.8,4.7,60.0,29,214,7.88,6.3,4.53,3.59,11.5,101.7,34.8,5,4,0,2,2,5-11,215,30.0,QB,CARCLE,WalkPh00
522,Seneca Wallace,5-11,22,468,788,2005,2013,25-33,64,22,468,788,320,59.4,4947,31,19,1,3.9,2.4,80.8,59,339,6.97,6.3,5.98,5.16,10.6,77.3,41.4,6,16,0,2,2,5-11,205,28.6,QB,CLEGNBSEA,WallSe00
523,Russell Wilson,5-11,188,3668,5665,2012,2023,24-35,188,188,3668,5665,1997,64.7,43653,334,106,7,5.9,1.9,100.0,527,3464,8.51,7.7,8.04,6.80,11.9,232.2,45.6,115,72,1,31,39,5-11,215,30.0,QB,DENSEA,WilsRu00
524,Gary Wood,5-11,9,186,400,1964,1969,22-27,63,9,186,400,214,46.5,2575,14,23,3,3.5,5.8,55.4,46,414,10.31,6.4,4.55,3.15,13.8,40.9,,1,8,0,1,1,5-11,192,26.8,QB,NORNYG,WoodGa00
525,Tom Yewcic,5-11,6,87,206,1961,1965,29-33,70,6,87,206,119,42.2,1374,12,12,0,5.8,5.8,60.2,17,139,7.91,6.7,5.21,4.56,15.8,19.6,,3,2,0,1,1,5-11,185,25.8,QB,BOS,YewcTo00
526,Frankie Albert,5-10,68,831,1564,1946,1952,26-32,90,68,831,1564,733,53.1,10795,115,98,3,7.4,6.3,73.5,43,1096,5.32,6.9,5.55,5.86,13.0,119.9,,13,16,1,5,7,5-10,166,23.8,QB,SFO,AlbeFr00
527,Carl Brumbaugh,5-10,42,16,64,1930,1934,24-28,52,42,16,64,48,25.0,333,6,8,0,9.4,12.5,40.4,,,,5.2,1.45,,20.8,6.4,,0,0,0,0,0,5-10,170,24.4,QB,CHI,BrumCa20
528,Ernie Case,5-10,10,4,11,1947,1947,28,14,10,4,11,7,36.4,49,0,1,0,0.0,9.1,13.1,1,13,8.33,4.5,0.36,-0.75,12.3,3.5,,0,0,0,,,5-10,170,24.4,QB,BCL,CaseEr20
529,Bob Celeri,5-10,12,133,313,1951,1952,24-25,19,12,133,313,180,42.5,2287,15,18,2,4.8,5.8,60.0,,288,,7.3,5.68,,17.2,120.4,,1,9,1,3,1,5-10,180,25.8,QB,DTXNYY,CeleBo00
530,Frank Filchock,5-10,6,85,150,1944,1950,28-34,11,6,85,150,65,56.7,1140,13,9,0,8.7,6.0,84.9,,,,7.6,6.63,,13.4,103.6,,0,0,0,0,0,5-10,193,27.7,QB,BCLWAS,FilcFr20
531,Doug Flutie,5-10,66,1177,2151,1986,2005,24-43,92,66,1177,2151,974,54.7,14715,86,68,1,4.0,3.2,76.3,107,687,4.74,6.8,6.22,5.62,12.5,159.9,36.7,38,28,0,8,10,5-10,180,25.8,QB,BUFCHINWESDG,FlutDo00
532,Jesse Freitas,5-10,9,84,167,1948,1948,27,10,9,84,167,83,50.3,1425,14,16,0,8.4,9.6,67.9,16,112,8.74,8.5,5.90,4.77,17.0,142.5,,0,0,0,,,5-10,170,24.4,QB,CHR,FreiJe20
533,Abe Karnofsky,5-10,7,0,0,1946,1946,24,11,7,0,0,0,,0,0,0,0,,,,,,,,,,,0.0,,0,0,0,0,0,5-10,175,25.1,QB,BOS,KarnAb20
534,Ted Marchibroda,5-10,11,172,385,1953,1957,22-26,30,11,172,385,213,44.7,2169,16,29,3,4.2,7.5,45.3,,140,,5.6,3.08,,12.6,72.3,,4,7,0,,,5-10,178,25.5,QB,CRDPIT,MarcTe20
535,Keith Molesworth,5-10,14,25,64,1932,1932,27,14,14,25,64,39,39.1,346,3,4,0,4.7,6.3,46.7,,,,5.4,3.53,,13.8,24.7,,0,0,0,0,0,5-10,167,24.0,QB,CHI,MoleKe20
536,Kyler Murray,5-10,65,1492,2239,2019,2023,22-26,65,65,1492,2239,747,66.6,15647,94,46,7,4.2,2.1,92.2,149,1082,6.24,7.0,6.90,6.02,10.5,240.7,46.5,28,36,1,8,10,5-10,207,29.7,QB,ARI,MurrKy00
537,Bryce Young,5-10,16,315,527,2023,2023,22,16,16,315,527,212,59.8,2877,11,10,3,2.1,1.9,73.7,62,477,10.53,5.5,5.02,3.68,9.1,179.8,36.5,2,14,0,2,2,5-10,204,29.3,QB,CAR,YounBr01
538,Eddie LeBaron,5-9,85,898,1796,1952,1963,22-33,134,85,898,1796,898,50.0,13399,104,141,10,5.8,7.9,61.4,59,1404,7.86,7.5,5.09,4.48,14.9,100.0,,28,54,3,13,13,5-9,168,24.8,QB,DALWAS,LeBaEd00
539,Johnny Bryan,5-8,12,0,0,1923,1923,26,12,12,0,0,0,,0,2,0,0,,,,,,,,,,,0.0,,0,0,0,0,0,5-8,170,25.8,QB,CHI,BryaJo20
540,Milt Romney,5-8,23,0,0,1926,1927,27-28,30,23,0,0,0,,0,0,0,0,,,,,,,,,,,0.0,,0,0,0,0,0,5-8,166,25.2,QB,CHI,RomnMi20
541,Davey O'Brien,5-7,19,223,478,1939,1940,22-23,22,19,223,478,255,46.7,2614,11,34,0,2.3,7.1,41.8,,,,5.5,2.73,,11.7,118.8,,0,0,0,1,2,5-7,151,23.6,QB,PHI,OBriDa21
542,Joey Sternaman,5-6,60,0,0,1922,1929,22-29,68,60,0,0,0,,0,7,0,0,,,,,,,,,,,0.0,,0,0,0,0,0,5-6,152,24.5,QB,CHI,SterJo21
543,Pard Pearce,5-5,16,0,0,1920,1921,24-25,24,16,0,0,0,,0,0,0,0,,,,,,,,,,,0.0,,0,0,0,0,0,5-5,150,25.0,QB,CHI,PearPa20
